name,scientific_name,family,origin,description,care,image_url
Rose 1,Rosa species_1,Rosaceae,Europe,Plante fleurie ou fruitière de la famille des rosacées,Arrosage modéré,
Lavande 2,Lavandula species_2,Asteraceae,Europe,Plante herbacée très répandue,Arrosage régulier,
Chêne 3,Quercus species_3,Lamiaceae,Méditerranée,Plante aromatique adaptée aux sols drainés,Peu d'eau,
Érable 4,Acer species_4,Fabaceae,Monde entier,Plante souvent fixatrice d'azote,Entretien faible,
Pin 5,Pinus species_5,Poaceae,Monde entier,Graminée adaptée à différents climats,Arrosage variable,
Orchidée 6,Orchis species_6,Cactaceae,Amérique,Plante succulente résistante à la sécheresse,Très peu d'eau,
Fougère 7,Dryopteris species_7,Orchidaceae,Tropical,Plante tropicale à fleurs remarquables,Humidité élevée,
Menthe 8,Mentha species_8,Araceae,Tropical,Plante décorative à feuillage remarquable,Lumière indirecte,
Thym 9,Thymus species_9,Pinaceae,Hémisphère nord,Arbre résineux persistant,Peu d'entretien,
Sauge 10,Salvia species_10,Fagaceae,Europe,Arbre forestier durable,Sol profond,
Cactus 11,Echinocactus species_11,Rosaceae,Europe,Plante fleurie ou fruitière de la famille des rosacées,Arrosage modéré,
Aloe 12,Aloe species_12,Asteraceae,Europe,Plante herbacée très répandue,Arrosage régulier,
Ficus 13,Ficus species_13,Lamiaceae,Méditerranée,Plante aromatique adaptée aux sols drainés,Peu d'eau,
Bambou 14,Bambusa species_14,Fabaceae,Monde entier,Plante souvent fixatrice d'azote,Entretien faible,
Tulipe 15,Tulipa species_15,Poaceae,Monde entier,Graminée adaptée à différents climats,Arrosage variable,
Tournesol 16,Helianthus species_16,Cactaceae,Amérique,Plante succulente résistante à la sécheresse,Très peu d'eau,
Pissenlit 17,Taraxacum species_17,Orchidaceae,Tropical,Plante tropicale à fleurs remarquables,Humidité élevée,
Bouleau 18,Betula species_18,Araceae,Tropical,Plante décorative à feuillage remarquable,Lumière indirecte,
Hêtre 19,Fagus species_19,Pinaceae,Hémisphère nord,Arbre résineux persistant,Peu d'entretien,
Palmier 20,Phoenix species_20,Fagaceae,Europe,Arbre forestier durable,Sol profond,
Rose 21,Rosa species_21,Rosaceae,Europe,Plante fleurie ou fruitière de la famille des rosacées,Arrosage modéré,
Lavande 22,Lavandula species_22,Asteraceae,Europe,Plante herbacée très répandue,Arrosage régulier,
Chêne 23,Quercus species_23,Lamiaceae,Méditerranée,Plante aromatique adaptée aux sols drainés,Peu d'eau,
Érable 24,Acer species_24,Fabaceae,Monde entier,Plante souvent fixatrice d'azote,Entretien faible,
Pin 25,Pinus species_25,Poaceae,Monde entier,Graminée adaptée à différents climats,Arrosage variable,
Orchidée 26,Orchis species_26,Cactaceae,Amérique,Plante succulente résistante à la sécheresse,Très peu d'eau,
Fougère 27,Dryopteris species_27,Orchidaceae,Tropical,Plante tropicale à fleurs remarquables,Humidité élevée,
Menthe 28,Mentha species_28,Araceae,Tropical,Plante décorative à feuillage remarquable,Lumière indirecte,
Thym 29,Thymus species_29,Pinaceae,Hémisphère nord,Arbre résineux persistant,Peu d'entretien,
Sauge 30,Salvia species_30,Fagaceae,Europe,Arbre forestier durable,Sol profond,
Cactus 31,Echinocactus species_31,Rosaceae,Europe,Plante fleurie ou fruitière de la famille des rosacées,Arrosage modéré,
Aloe 32,Aloe species_32,Asteraceae,Europe,Plante herbacée très répandue,Arrosage régulier,
Ficus 33,Ficus species_33,Lamiaceae,Méditerranée,Plante aromatique adaptée aux sols drainés,Peu d'eau,
Bambou 34,Bambusa species_34,Fabaceae,Monde entier,Plante souvent fixatrice d'azote,Entretien faible,
Tulipe 35,Tulipa species_35,Poaceae,Monde entier,Graminée adaptée à différents climats,Arrosage variable,
Tournesol 36,Helianthus species_36,Cactaceae,Amérique,Plante succulente résistante à la sécheresse,Très peu d'eau,
Pissenlit 37,Taraxacum species_37,Orchidaceae,Tropical,Plante tropicale à fleurs remarquables,Humidité élevée,
Bouleau 38,Betula species_38,Araceae,Tropical,Plante décorative à feuillage remarquable,Lumière indirecte,
Hêtre 39,Fagus species_39,Pinaceae,Hémisphère nord,Arbre résineux persistant,Peu d'entretien,
Palmier 40,Phoenix species_40,Fagaceae,Europe,Arbre forestier durable,Sol profond,
Rose 41,Rosa species_41,Rosaceae,Europe,Plante fleurie ou fruitière de la famille des rosacées,Arrosage modéré,
Lavande 42,Lavandula species_42,Asteraceae,Europe,Plante herbacée très répandue,Arrosage régulier,
Chêne 43,Quercus species_43,Lamiaceae,Méditerranée,Plante aromatique adaptée aux sols drainés,Peu d'eau,
Érable 44,Acer species_44,Fabaceae,Monde entier,Plante souvent fixatrice d'azote,Entretien faible,
Pin 45,Pinus species_45,Poaceae,Monde entier,Graminée adaptée à différents climats,Arrosage variable,
Orchidée 46,Orchis species_46,Cactaceae,Amérique,Plante succulente résistante à la sécheresse,Très peu d'eau,
Fougère 47,Dryopteris species_47,Orchidaceae,Tropical,Plante tropicale à fleurs remarquables,Humidité élevée,
Menthe 48,Mentha species_48,Araceae,Tropical,Plante décorative à feuillage remarquable,Lumière indirecte,
Thym 49,Thymus species_49,Pinaceae,Hémisphère nord,Arbre résineux persistant,Peu d'entretien,
Sauge 50,Salvia species_50,Fagaceae,Europe,Arbre forestier durable,Sol profond,
Cactus 51,Echinocactus species_51,Rosaceae,Europe,Plante fleurie ou fruitière de la famille des rosacées,Arrosage modéré,
Aloe 52,Aloe species_52,Asteraceae,Europe,Plante herbacée très répandue,Arrosage régulier,
Ficus 53,Ficus species_53,Lamiaceae,Méditerranée,Plante aromatique adaptée aux sols drainés,Peu d'eau,
Bambou 54,Bambusa species_54,Fabaceae,Monde entier,Plante souvent fixatrice d'azote,Entretien faible,
Tulipe 55,Tulipa species_55,Poaceae,Monde entier,Graminée adaptée à différents climats,Arrosage variable,
Tournesol 56,Helianthus species_56,Cactaceae,Amérique,Plante succulente résistante à la sécheresse,Très peu d'eau,
Pissenlit 57,Taraxacum species_57,Orchidaceae,Tropical,Plante tropicale à fleurs remarquables,Humidité élevée,
Bouleau 58,Betula species_58,Araceae,Tropical,Plante décorative à feuillage remarquable,Lumière indirecte,
Hêtre 59,Fagus species_59,Pinaceae,Hémisphère nord,Arbre résineux persistant,Peu d'entretien,
Palmier 60,Phoenix species_60,Fagaceae,Europe,Arbre forestier durable,Sol profond,
Rose 61,Rosa species_61,Rosaceae,Europe,Plante fleurie ou fruitière de la famille des rosacées,Arrosage modéré,
Lavande 62,Lavandula species_62,Asteraceae,Europe,Plante herbacée très répandue,Arrosage régulier,
Chêne 63,Quercus species_63,Lamiaceae,Méditerranée,Plante aromatique adaptée aux sols drainés,Peu d'eau,
Érable 64,Acer species_64,Fabaceae,Monde entier,Plante souvent fixatrice d'azote,Entretien faible,
Pin 65,Pinus species_65,Poaceae,Monde entier,Graminée adaptée à différents climats,Arrosage variable,
Orchidée 66,Orchis species_66,Cactaceae,Amérique,Plante succulente résistante à la sécheresse,Très peu d'eau,
Fougère 67,Dryopteris species_67,Orchidaceae,Tropical,Plante tropicale à fleurs remarquables,Humidité élevée,
Menthe 68,Mentha species_68,Araceae,Tropical,Plante décorative à feuillage remarquable,Lumière indirecte,
Thym 69,Thymus species_69,Pinaceae,Hémisphère nord,Arbre résineux persistant,Peu d'entretien,
Sauge 70,Salvia species_70,Fagaceae,Europe,Arbre forestier durable,Sol profond,
Cactus 71,Echinocactus species_71,Rosaceae,Europe,Plante fleurie ou fruitière de la famille des rosacées,Arrosage modéré,
Aloe 72,Aloe species_72,Asteraceae,Europe,Plante herbacée très répandue,Arrosage régulier,
Ficus 73,Ficus species_73,Lamiaceae,Méditerranée,Plante aromatique adaptée aux sols drainés,Peu d'eau,
Bambou 74,Bambusa species_74,Fabaceae,Monde entier,Plante souvent fixatrice d'azote,Entretien faible,
Tulipe 75,Tulipa species_75,Poaceae,Monde entier,Graminée adaptée à différents climats,Arrosage variable,
Tournesol 76,Helianthus species_76,Cactaceae,Amérique,Plante succulente résistante à la sécheresse,Très peu d'eau,
Pissenlit 77,Taraxacum species_77,Orchidaceae,Tropical,Plante tropicale à fleurs remarquables,Humidité élevée,
Bouleau 78,Betula species_78,Araceae,Tropical,Plante décorative à feuillage remarquable,Lumière indirecte,
Hêtre 79,Fagus species_79,Pinaceae,Hémisphère nord,Arbre résineux persistant,Peu d'entretien,
Palmier 80,Phoenix species_80,Fagaceae,Europe,Arbre forestier durable,Sol profond,
Rose 81,Rosa species_81,Rosaceae,Europe,Plante fleurie ou fruitière de la famille des rosacées,Arrosage modéré,
Lavande 82,Lavandula species_82,Asteraceae,Europe,Plante herbacée très répandue,Arrosage régulier,
Chêne 83,Quercus species_83,Lamiaceae,Méditerranée,Plante aromatique adaptée aux sols drainés,Peu d'eau,
Érable 84,Acer species_84,Fabaceae,Monde entier,Plante souvent fixatrice d'azote,Entretien faible,
Pin 85,Pinus species_85,Poaceae,Monde entier,Graminée adaptée à différents climats,Arrosage variable,
Orchidée 86,Orchis species_86,Cactaceae,Amérique,Plante succulente résistante à la sécheresse,Très peu d'eau,
Fougère 87,Dryopteris species_87,Orchidaceae,Tropical,Plante tropicale à fleurs remarquables,Humidité élevée,
Menthe 88,Mentha species_88,Araceae,Tropical,Plante décorative à feuillage remarquable,Lumière indirecte,
Thym 89,Thymus species_89,Pinaceae,Hémisphère nord,Arbre résineux persistant,Peu d'entretien,
Sauge 90,Salvia species_90,Fagaceae,Europe,Arbre forestier durable,Sol profond,
Cactus 91,Echinocactus species_91,Rosaceae,Europe,Plante fleurie ou fruitière de la famille des rosacées,Arrosage modéré,
Aloe 92,Aloe species_92,Asteraceae,Europe,Plante herbacée très répandue,Arrosage régulier,
Ficus 93,Ficus species_93,Lamiaceae,Méditerranée,Plante aromatique adaptée aux sols drainés,Peu d'eau,
Bambou 94,Bambusa species_94,Fabaceae,Monde entier,Plante souvent fixatrice d'azote,Entretien faible,
Tulipe 95,Tulipa species_95,Poaceae,Monde entier,Graminée adaptée à différents climats,Arrosage variable,
Tournesol 96,Helianthus species_96,Cactaceae,Amérique,Plante succulente résistante à la sécheresse,Très peu d'eau,
Pissenlit 97,Taraxacum species_97,Orchidaceae,Tropical,Plante tropicale à fleurs remarquables,Humidité élevée,
Bouleau 98,Betula species_98,Araceae,Tropical,Plante décorative à feuillage remarquable,Lumière indirecte,
Hêtre 99,Fagus species_99,Pinaceae,Hémisphère nord,Arbre résineux persistant,Peu d'entretien,
Palmier 100,Phoenix species_100,Fagaceae,Europe,Arbre forestier durable,Sol profond,
Rose 101,Rosa species_101,Rosaceae,Europe,Plante fleurie ou fruitière de la famille des rosacées,Arrosage modéré,
Lavande 102,Lavandula species_102,Asteraceae,Europe,Plante herbacée très répandue,Arrosage régulier,
Chêne 103,Quercus species_103,Lamiaceae,Méditerranée,Plante aromatique adaptée aux sols drainés,Peu d'eau,
Érable 104,Acer species_104,Fabaceae,Monde entier,Plante souvent fixatrice d'azote,Entretien faible,
Pin 105,Pinus species_105,Poaceae,Monde entier,Graminée adaptée à différents climats,Arrosage variable,
Orchidée 106,Orchis species_106,Cactaceae,Amérique,Plante succulente résistante à la sécheresse,Très peu d'eau,
Fougère 107,Dryopteris species_107,Orchidaceae,Tropical,Plante tropicale à fleurs remarquables,Humidité élevée,
Menthe 108,Mentha species_108,Araceae,Tropical,Plante décorative à feuillage remarquable,Lumière indirecte,
Thym 109,Thymus species_109,Pinaceae,Hémisphère nord,Arbre résineux persistant,Peu d'entretien,
Sauge 110,Salvia species_110,Fagaceae,Europe,Arbre forestier durable,Sol profond,
Cactus 111,Echinocactus species_111,Rosaceae,Europe,Plante fleurie ou fruitière de la famille des rosacées,Arrosage modéré,
Aloe 112,Aloe species_112,Asteraceae,Europe,Plante herbacée très répandue,Arrosage régulier,
Ficus 113,Ficus species_113,Lamiaceae,Méditerranée,Plante aromatique adaptée aux sols drainés,Peu d'eau,
Bambou 114,Bambusa species_114,Fabaceae,Monde entier,Plante souvent fixatrice d'azote,Entretien faible,
Tulipe 115,Tulipa species_115,Poaceae,Monde entier,Graminée adaptée à différents climats,Arrosage variable,
Tournesol 116,Helianthus species_116,Cactaceae,Amérique,Plante succulente résistante à la sécheresse,Très peu d'eau,
Pissenlit 117,Taraxacum species_117,Orchidaceae,Tropical,Plante tropicale à fleurs remarquables,Humidité élevée,
Bouleau 118,Betula species_118,Araceae,Tropical,Plante décorative à feuillage remarquable,Lumière indirecte,
Hêtre 119,Fagus species_119,Pinaceae,Hémisphère nord,Arbre résineux persistant,Peu d'entretien,
Palmier 120,Phoenix species_120,Fagaceae,Europe,Arbre forestier durable,Sol profond,
Rose 121,Rosa species_121,Rosaceae,Europe,Plante fleurie ou fruitière de la famille des rosacées,Arrosage modéré,
Lavande 122,Lavandula species_122,Asteraceae,Europe,Plante herbacée très répandue,Arrosage régulier,
Chêne 123,Quercus species_123,Lamiaceae,Méditerranée,Plante aromatique adaptée aux sols drainés,Peu d'eau,
Érable 124,Acer species_124,Fabaceae,Monde entier,Plante souvent fixatrice d'azote,Entretien faible,
Pin 125,Pinus species_125,Poaceae,Monde entier,Graminée adaptée à différents climats,Arrosage variable,
Orchidée 126,Orchis species_126,Cactaceae,Amérique,Plante succulente résistante à la sécheresse,Très peu d'eau,
Fougère 127,Dryopteris species_127,Orchidaceae,Tropical,Plante tropicale à fleurs remarquables,Humidité élevée,
Menthe 128,Mentha species_128,Araceae,Tropical,Plante décorative à feuillage remarquable,Lumière indirecte,
Thym 129,Thymus species_129,Pinaceae,Hémisphère nord,Arbre résineux persistant,Peu d'entretien,
Sauge 130,Salvia species_130,Fagaceae,Europe,Arbre forestier durable,Sol profond,
Cactus 131,Echinocactus species_131,Rosaceae,Europe,Plante fleurie ou fruitière de la famille des rosacées,Arrosage modéré,
Aloe 132,Aloe species_132,Asteraceae,Europe,Plante herbacée très répandue,Arrosage régulier,
Ficus 133,Ficus species_133,Lamiaceae,Méditerranée,Plante aromatique adaptée aux sols drainés,Peu d'eau,
Bambou 134,Bambusa species_134,Fabaceae,Monde entier,Plante souvent fixatrice d'azote,Entretien faible,
Tulipe 135,Tulipa species_135,Poaceae,Monde entier,Graminée adaptée à différents climats,Arrosage variable,
Tournesol 136,Helianthus species_136,Cactaceae,Amérique,Plante succulente résistante à la sécheresse,Très peu d'eau,
Pissenlit 137,Taraxacum species_137,Orchidaceae,Tropical,Plante tropicale à fleurs remarquables,Humidité élevée,
Bouleau 138,Betula species_138,Araceae,Tropical,Plante décorative à feuillage remarquable,Lumière indirecte,
Hêtre 139,Fagus species_139,Pinaceae,Hémisphère nord,Arbre résineux persistant,Peu d'entretien,
Palmier 140,Phoenix species_140,Fagaceae,Europe,Arbre forestier durable,Sol profond,
Rose 141,Rosa species_141,Rosaceae,Europe,Plante fleurie ou fruitière de la famille des rosacées,Arrosage modéré,
Lavande 142,Lavandula species_142,Asteraceae,Europe,Plante herbacée très répandue,Arrosage régulier,
Chêne 143,Quercus species_143,Lamiaceae,Méditerranée,Plante aromatique adaptée aux sols drainés,Peu d'eau,
Érable 144,Acer species_144,Fabaceae,Monde entier,Plante souvent fixatrice d'azote,Entretien faible,
Pin 145,Pinus species_145,Poaceae,Monde entier,Graminée adaptée à différents climats,Arrosage variable,
Orchidée 146,Orchis species_146,Cactaceae,Amérique,Plante succulente résistante à la sécheresse,Très peu d'eau,
Fougère 147,Dryopteris species_147,Orchidaceae,Tropical,Plante tropicale à fleurs remarquables,Humidité élevée,
Menthe 148,Mentha species_148,Araceae,Tropical,Plante décorative à feuillage remarquable,Lumière indirecte,
Thym 149,Thymus species_149,Pinaceae,Hémisphère nord,Arbre résineux persistant,Peu d'entretien,
Sauge 150,Salvia species_150,Fagaceae,Europe,Arbre forestier durable,Sol profond,
Cactus 151,Echinocactus species_151,Rosaceae,Europe,Plante fleurie ou fruitière de la famille des rosacées,Arrosage modéré,
Aloe 152,Aloe species_152,Asteraceae,Europe,Plante herbacée très répandue,Arrosage régulier,
Ficus 153,Ficus species_153,Lamiaceae,Méditerranée,Plante aromatique adaptée aux sols drainés,Peu d'eau,
Bambou 154,Bambusa species_154,Fabaceae,Monde entier,Plante souvent fixatrice d'azote,Entretien faible,
Tulipe 155,Tulipa species_155,Poaceae,Monde entier,Graminée adaptée à différents climats,Arrosage variable,
Tournesol 156,Helianthus species_156,Cactaceae,Amérique,Plante succulente résistante à la sécheresse,Très peu d'eau,
Pissenlit 157,Taraxacum species_157,Orchidaceae,Tropical,Plante tropicale à fleurs remarquables,Humidité élevée,
Bouleau 158,Betula species_158,Araceae,Tropical,Plante décorative à feuillage remarquable,Lumière indirecte,
Hêtre 159,Fagus species_159,Pinaceae,Hémisphère nord,Arbre résineux persistant,Peu d'entretien,
Palmier 160,Phoenix species_160,Fagaceae,Europe,Arbre forestier durable,Sol profond,
Rose 161,Rosa species_161,Rosaceae,Europe,Plante fleurie ou fruitière de la famille des rosacées,Arrosage modéré,
Lavande 162,Lavandula species_162,Asteraceae,Europe,Plante herbacée très répandue,Arrosage régulier,
Chêne 163,Quercus species_163,Lamiaceae,Méditerranée,Plante aromatique adaptée aux sols drainés,Peu d'eau,
Érable 164,Acer species_164,Fabaceae,Monde entier,Plante souvent fixatrice d'azote,Entretien faible,
Pin 165,Pinus species_165,Poaceae,Monde entier,Graminée adaptée à différents climats,Arrosage variable,
Orchidée 166,Orchis species_166,Cactaceae,Amérique,Plante succulente résistante à la sécheresse,Très peu d'eau,
Fougère 167,Dryopteris species_167,Orchidaceae,Tropical,Plante tropicale à fleurs remarquables,Humidité élevée,
Menthe 168,Mentha species_168,Araceae,Tropical,Plante décorative à feuillage remarquable,Lumière indirecte,
Thym 169,Thymus species_169,Pinaceae,Hémisphère nord,Arbre résineux persistant,Peu d'entretien,
Sauge 170,Salvia species_170,Fagaceae,Europe,Arbre forestier durable,Sol profond,
Cactus 171,Echinocactus species_171,Rosaceae,Europe,Plante fleurie ou fruitière de la famille des rosacées,Arrosage modéré,
Aloe 172,Aloe species_172,Asteraceae,Europe,Plante herbacée très répandue,Arrosage régulier,
Ficus 173,Ficus species_173,Lamiaceae,Méditerranée,Plante aromatique adaptée aux sols drainés,Peu d'eau,
Bambou 174,Bambusa species_174,Fabaceae,Monde entier,Plante souvent fixatrice d'azote,Entretien faible,
Tulipe 175,Tulipa species_175,Poaceae,Monde entier,Graminée adaptée à différents climats,Arrosage variable,
Tournesol 176,Helianthus species_176,Cactaceae,Amérique,Plante succulente résistante à la sécheresse,Très peu d'eau,
Pissenlit 177,Taraxacum species_177,Orchidaceae,Tropical,Plante tropicale à fleurs remarquables,Humidité élevée,
Bouleau 178,Betula species_178,Araceae,Tropical,Plante décorative à feuillage remarquable,Lumière indirecte,
Hêtre 179,Fagus species_179,Pinaceae,Hémisphère nord,Arbre résineux persistant,Peu d'entretien,
Palmier 180,Phoenix species_180,Fagaceae,Europe,Arbre forestier durable,Sol profond,
Rose 181,Rosa species_181,Rosaceae,Europe,Plante fleurie ou fruitière de la famille des rosacées,Arrosage modéré,
Lavande 182,Lavandula species_182,Asteraceae,Europe,Plante herbacée très répandue,Arrosage régulier,
Chêne 183,Quercus species_183,Lamiaceae,Méditerranée,Plante aromatique adaptée aux sols drainés,Peu d'eau,
Érable 184,Acer species_184,Fabaceae,Monde entier,Plante souvent fixatrice d'azote,Entretien faible,
Pin 185,Pinus species_185,Poaceae,Monde entier,Graminée adaptée à différents climats,Arrosage variable,
Orchidée 186,Orchis species_186,Cactaceae,Amérique,Plante succulente résistante à la sécheresse,Très peu d'eau,
Fougère 187,Dryopteris species_187,Orchidaceae,Tropical,Plante tropicale à fleurs remarquables,Humidité élevée,
Menthe 188,Mentha species_188,Araceae,Tropical,Plante décorative à feuillage remarquable,Lumière indirecte,
Thym 189,Thymus species_189,Pinaceae,Hémisphère nord,Arbre résineux persistant,Peu d'entretien,
Sauge 190,Salvia species_190,Fagaceae,Europe,Arbre forestier durable,Sol profond,
Cactus 191,Echinocactus species_191,Rosaceae,Europe,Plante fleurie ou fruitière de la famille des rosacées,Arrosage modéré,
Aloe 192,Aloe species_192,Asteraceae,Europe,Plante herbacée très répandue,Arrosage régulier,
Ficus 193,Ficus species_193,Lamiaceae,Méditerranée,Plante aromatique adaptée aux sols drainés,Peu d'eau,
Bambou 194,Bambusa species_194,Fabaceae,Monde entier,Plante souvent fixatrice d'azote,Entretien faible,
Tulipe 195,Tulipa species_195,Poaceae,Monde entier,Graminée adaptée à différents climats,Arrosage variable,
Tournesol 196,Helianthus species_196,Cactaceae,Amérique,Plante succulente résistante à la sécheresse,Très peu d'eau,
Pissenlit 197,Taraxacum species_197,Orchidaceae,Tropical,Plante tropicale à fleurs remarquables,Humidité élevée,
Bouleau 198,Betula species_198,Araceae,Tropical,Plante décorative à feuillage remarquable,Lumière indirecte,
Hêtre 199,Fagus species_199,Pinaceae,Hémisphère nord,Arbre résineux persistant,Peu d'entretien,
Palmier 200,Phoenix species_200,Fagaceae,Europe,Arbre forestier durable,Sol profond,
Rose 201,Rosa species_201,Rosaceae,Europe,Plante fleurie ou fruitière de la famille des rosacées,Arrosage modéré,
Lavande 202,Lavandula species_202,Asteraceae,Europe,Plante herbacée très répandue,Arrosage régulier,
Chêne 203,Quercus species_203,Lamiaceae,Méditerranée,Plante aromatique adaptée aux sols drainés,Peu d'eau,
Érable 204,Acer species_204,Fabaceae,Monde entier,Plante souvent fixatrice d'azote,Entretien faible,
Pin 205,Pinus species_205,Poaceae,Monde entier,Graminée adaptée à différents climats,Arrosage variable,
Orchidée 206,Orchis species_206,Cactaceae,Amérique,Plante succulente résistante à la sécheresse,Très peu d'eau,
Fougère 207,Dryopteris species_207,Orchidaceae,Tropical,Plante tropicale à fleurs remarquables,Humidité élevée,
Menthe 208,Mentha species_208,Araceae,Tropical,Plante décorative à feuillage remarquable,Lumière indirecte,
Thym 209,Thymus species_209,Pinaceae,Hémisphère nord,Arbre résineux persistant,Peu d'entretien,
Sauge 210,Salvia species_210,Fagaceae,Europe,Arbre forestier durable,Sol profond,
Cactus 211,Echinocactus species_211,Rosaceae,Europe,Plante fleurie ou fruitière de la famille des rosacées,Arrosage modéré,
Aloe 212,Aloe species_212,Asteraceae,Europe,Plante herbacée très répandue,Arrosage régulier,
Ficus 213,Ficus species_213,Lamiaceae,Méditerranée,Plante aromatique adaptée aux sols drainés,Peu d'eau,
Bambou 214,Bambusa species_214,Fabaceae,Monde entier,Plante souvent fixatrice d'azote,Entretien faible,
Tulipe 215,Tulipa species_215,Poaceae,Monde entier,Graminée adaptée à différents climats,Arrosage variable,
Tournesol 216,Helianthus species_216,Cactaceae,Amérique,Plante succulente résistante à la sécheresse,Très peu d'eau,
Pissenlit 217,Taraxacum species_217,Orchidaceae,Tropical,Plante tropicale à fleurs remarquables,Humidité élevée,
Bouleau 218,Betula species_218,Araceae,Tropical,Plante décorative à feuillage remarquable,Lumière indirecte,
Hêtre 219,Fagus species_219,Pinaceae,Hémisphère nord,Arbre résineux persistant,Peu d'entretien,
Palmier 220,Phoenix species_220,Fagaceae,Europe,Arbre forestier durable,Sol profond,
Rose 221,Rosa species_221,Rosaceae,Europe,Plante fleurie ou fruitière de la famille des rosacées,Arrosage modéré,
Lavande 222,Lavandula species_222,Asteraceae,Europe,Plante herbacée très répandue,Arrosage régulier,
Chêne 223,Quercus species_223,Lamiaceae,Méditerranée,Plante aromatique adaptée aux sols drainés,Peu d'eau,
Érable 224,Acer species_224,Fabaceae,Monde entier,Plante souvent fixatrice d'azote,Entretien faible,
Pin 225,Pinus species_225,Poaceae,Monde entier,Graminée adaptée à différents climats,Arrosage variable,
Orchidée 226,Orchis species_226,Cactaceae,Amérique,Plante succulente résistante à la sécheresse,Très peu d'eau,
Fougère 227,Dryopteris species_227,Orchidaceae,Tropical,Plante tropicale à fleurs remarquables,Humidité élevée,
Menthe 228,Mentha species_228,Araceae,Tropical,Plante décorative à feuillage remarquable,Lumière indirecte,
Thym 229,Thymus species_229,Pinaceae,Hémisphère nord,Arbre résineux persistant,Peu d'entretien,
Sauge 230,Salvia species_230,Fagaceae,Europe,Arbre forestier durable,Sol profond,
Cactus 231,Echinocactus species_231,Rosaceae,Europe,Plante fleurie ou fruitière de la famille des rosacées,Arrosage modéré,
Aloe 232,Aloe species_232,Asteraceae,Europe,Plante herbacée très répandue,Arrosage régulier,
Ficus 233,Ficus species_233,Lamiaceae,Méditerranée,Plante aromatique adaptée aux sols drainés,Peu d'eau,
Bambou 234,Bambusa species_234,Fabaceae,Monde entier,Plante souvent fixatrice d'azote,Entretien faible,
Tulipe 235,Tulipa species_235,Poaceae,Monde entier,Graminée adaptée à différents climats,Arrosage variable,
Tournesol 236,Helianthus species_236,Cactaceae,Amérique,Plante succulente résistante à la sécheresse,Très peu d'eau,
Pissenlit 237,Taraxacum species_237,Orchidaceae,Tropical,Plante tropicale à fleurs remarquables,Humidité élevée,
Bouleau 238,Betula species_238,Araceae,Tropical,Plante décorative à feuillage remarquable,Lumière indirecte,
Hêtre 239,Fagus species_239,Pinaceae,Hémisphère nord,Arbre résineux persistant,Peu d'entretien,
Palmier 240,Phoenix species_240,Fagaceae,Europe,Arbre forestier durable,Sol profond,
Rose 241,Rosa species_241,Rosaceae,Europe,Plante fleurie ou fruitière de la famille des rosacées,Arrosage modéré,
Lavande 242,Lavandula species_242,Asteraceae,Europe,Plante herbacée très répandue,Arrosage régulier,
Chêne 243,Quercus species_243,Lamiaceae,Méditerranée,Plante aromatique adaptée aux sols drainés,Peu d'eau,
Érable 244,Acer species_244,Fabaceae,Monde entier,Plante souvent fixatrice d'azote,Entretien faible,
Pin 245,Pinus species_245,Poaceae,Monde entier,Graminée adaptée à différents climats,Arrosage variable,
Orchidée 246,Orchis species_246,Cactaceae,Amérique,Plante succulente résistante à la sécheresse,Très peu d'eau,
Fougère 247,Dryopteris species_247,Orchidaceae,Tropical,Plante tropicale à fleurs remarquables,Humidité élevée,
Menthe 248,Mentha species_248,Araceae,Tropical,Plante décorative à feuillage remarquable,Lumière indirecte,
Thym 249,Thymus species_249,Pinaceae,Hémisphère nord,Arbre résineux persistant,Peu d'entretien,
Sauge 250,Salvia species_250,Fagaceae,Europe,Arbre forestier durable,Sol profond,
Cactus 251,Echinocactus species_251,Rosaceae,Europe,Plante fleurie ou fruitière de la famille des rosacées,Arrosage modéré,
Aloe 252,Aloe species_252,Asteraceae,Europe,Plante herbacée très répandue,Arrosage régulier,
Ficus 253,Ficus species_253,Lamiaceae,Méditerranée,Plante aromatique adaptée aux sols drainés,Peu d'eau,
Bambou 254,Bambusa species_254,Fabaceae,Monde entier,Plante souvent fixatrice d'azote,Entretien faible,
Tulipe 255,Tulipa species_255,Poaceae,Monde entier,Graminée adaptée à différents climats,Arrosage variable,
Tournesol 256,Helianthus species_256,Cactaceae,Amérique,Plante succulente résistante à la sécheresse,Très peu d'eau,
Pissenlit 257,Taraxacum species_257,Orchidaceae,Tropical,Plante tropicale à fleurs remarquables,Humidité élevée,
Bouleau 258,Betula species_258,Araceae,Tropical,Plante décorative à feuillage remarquable,Lumière indirecte,
Hêtre 259,Fagus species_259,Pinaceae,Hémisphère nord,Arbre résineux persistant,Peu d'entretien,
Palmier 260,Phoenix species_260,Fagaceae,Europe,Arbre forestier durable,Sol profond,
Rose 261,Rosa species_261,Rosaceae,Europe,Plante fleurie ou fruitière de la famille des rosacées,Arrosage modéré,
Lavande 262,Lavandula species_262,Asteraceae,Europe,Plante herbacée très répandue,Arrosage régulier,
Chêne 263,Quercus species_263,Lamiaceae,Méditerranée,Plante aromatique adaptée aux sols drainés,Peu d'eau,
Érable 264,Acer species_264,Fabaceae,Monde entier,Plante souvent fixatrice d'azote,Entretien faible,
Pin 265,Pinus species_265,Poaceae,Monde entier,Graminée adaptée à différents climats,Arrosage variable,
Orchidée 266,Orchis species_266,Cactaceae,Amérique,Plante succulente résistante à la sécheresse,Très peu d'eau,
Fougère 267,Dryopteris species_267,Orchidaceae,Tropical,Plante tropicale à fleurs remarquables,Humidité élevée,
Menthe 268,Mentha species_268,Araceae,Tropical,Plante décorative à feuillage remarquable,Lumière indirecte,
Thym 269,Thymus species_269,Pinaceae,Hémisphère nord,Arbre résineux persistant,Peu d'entretien,
Sauge 270,Salvia species_270,Fagaceae,Europe,Arbre forestier durable,Sol profond,
Cactus 271,Echinocactus species_271,Rosaceae,Europe,Plante fleurie ou fruitière de la famille des rosacées,Arrosage modéré,
Aloe 272,Aloe species_272,Asteraceae,Europe,Plante herbacée très répandue,Arrosage régulier,
Ficus 273,Ficus species_273,Lamiaceae,Méditerranée,Plante aromatique adaptée aux sols drainés,Peu d'eau,
Bambou 274,Bambusa species_274,Fabaceae,Monde entier,Plante souvent fixatrice d'azote,Entretien faible,
Tulipe 275,Tulipa species_275,Poaceae,Monde entier,Graminée adaptée à différents climats,Arrosage variable,
Tournesol 276,Helianthus species_276,Cactaceae,Amérique,Plante succulente résistante à la sécheresse,Très peu d'eau,
Pissenlit 277,Taraxacum species_277,Orchidaceae,Tropical,Plante tropicale à fleurs remarquables,Humidité élevée,
Bouleau 278,Betula species_278,Araceae,Tropical,Plante décorative à feuillage remarquable,Lumière indirecte,
Hêtre 279,Fagus species_279,Pinaceae,Hémisphère nord,Arbre résineux persistant,Peu d'entretien,
Palmier 280,Phoenix species_280,Fagaceae,Europe,Arbre forestier durable,Sol profond,
Rose 281,Rosa species_281,Rosaceae,Europe,Plante fleurie ou fruitière de la famille des rosacées,Arrosage modéré,
Lavande 282,Lavandula species_282,Asteraceae,Europe,Plante herbacée très répandue,Arrosage régulier,
Chêne 283,Quercus species_283,Lamiaceae,Méditerranée,Plante aromatique adaptée aux sols drainés,Peu d'eau,
Érable 284,Acer species_284,Fabaceae,Monde entier,Plante souvent fixatrice d'azote,Entretien faible,
Pin 285,Pinus species_285,Poaceae,Monde entier,Graminée adaptée à différents climats,Arrosage variable,
Orchidée 286,Orchis species_286,Cactaceae,Amérique,Plante succulente résistante à la sécheresse,Très peu d'eau,
Fougère 287,Dryopteris species_287,Orchidaceae,Tropical,Plante tropicale à fleurs remarquables,Humidité élevée,
Menthe 288,Mentha species_288,Araceae,Tropical,Plante décorative à feuillage remarquable,Lumière indirecte,
Thym 289,Thymus species_289,Pinaceae,Hémisphère nord,Arbre résineux persistant,Peu d'entretien,
Sauge 290,Salvia species_290,Fagaceae,Europe,Arbre forestier durable,Sol profond,
Cactus 291,Echinocactus species_291,Rosaceae,Europe,Plante fleurie ou fruitière de la famille des rosacées,Arrosage modéré,
Aloe 292,Aloe species_292,Asteraceae,Europe,Plante herbacée très répandue,Arrosage régulier,
Ficus 293,Ficus species_293,Lamiaceae,Méditerranée,Plante aromatique adaptée aux sols drainés,Peu d'eau,
Bambou 294,Bambusa species_294,Fabaceae,Monde entier,Plante souvent fixatrice d'azote,Entretien faible,
Tulipe 295,Tulipa species_295,Poaceae,Monde entier,Graminée adaptée à différents climats,Arrosage variable,
Tournesol 296,Helianthus species_296,Cactaceae,Amérique,Plante succulente résistante à la sécheresse,Très peu d'eau,
Pissenlit 297,Taraxacum species_297,Orchidaceae,Tropical,Plante tropicale à fleurs remarquables,Humidité élevée,
Bouleau 298,Betula species_298,Araceae,Tropical,Plante décorative à feuillage remarquable,Lumière indirecte,
Hêtre 299,Fagus species_299,Pinaceae,Hémisphère nord,Arbre résineux persistant,Peu d'entretien,
Palmier 300,Phoenix species_300,Fagaceae,Europe,Arbre forestier durable,Sol profond,
Rose 301,Rosa species_301,Rosaceae,Europe,Plante fleurie ou fruitière de la famille des rosacées,Arrosage modéré,
Lavande 302,Lavandula species_302,Asteraceae,Europe,Plante herbacée très répandue,Arrosage régulier,
Chêne 303,Quercus species_303,Lamiaceae,Méditerranée,Plante aromatique adaptée aux sols drainés,Peu d'eau,
Érable 304,Acer species_304,Fabaceae,Monde entier,Plante souvent fixatrice d'azote,Entretien faible,
Pin 305,Pinus species_305,Poaceae,Monde entier,Graminée adaptée à différents climats,Arrosage variable,
Orchidée 306,Orchis species_306,Cactaceae,Amérique,Plante succulente résistante à la sécheresse,Très peu d'eau,
Fougère 307,Dryopteris species_307,Orchidaceae,Tropical,Plante tropicale à fleurs remarquables,Humidité élevée,
Menthe 308,Mentha species_308,Araceae,Tropical,Plante décorative à feuillage remarquable,Lumière indirecte,
Thym 309,Thymus species_309,Pinaceae,Hémisphère nord,Arbre résineux persistant,Peu d'entretien,
Sauge 310,Salvia species_310,Fagaceae,Europe,Arbre forestier durable,Sol profond,
Cactus 311,Echinocactus species_311,Rosaceae,Europe,Plante fleurie ou fruitière de la famille des rosacées,Arrosage modéré,
Aloe 312,Aloe species_312,Asteraceae,Europe,Plante herbacée très répandue,Arrosage régulier,
Ficus 313,Ficus species_313,Lamiaceae,Méditerranée,Plante aromatique adaptée aux sols drainés,Peu d'eau,
Bambou 314,Bambusa species_314,Fabaceae,Monde entier,Plante souvent fixatrice d'azote,Entretien faible,
Tulipe 315,Tulipa species_315,Poaceae,Monde entier,Graminée adaptée à différents climats,Arrosage variable,
Tournesol 316,Helianthus species_316,Cactaceae,Amérique,Plante succulente résistante à la sécheresse,Très peu d'eau,
Pissenlit 317,Taraxacum species_317,Orchidaceae,Tropical,Plante tropicale à fleurs remarquables,Humidité élevée,
Bouleau 318,Betula species_318,Araceae,Tropical,Plante décorative à feuillage remarquable,Lumière indirecte,
Hêtre 319,Fagus species_319,Pinaceae,Hémisphère nord,Arbre résineux persistant,Peu d'entretien,
Palmier 320,Phoenix species_320,Fagaceae,Europe,Arbre forestier durable,Sol profond,
Rose 321,Rosa species_321,Rosaceae,Europe,Plante fleurie ou fruitière de la famille des rosacées,Arrosage modéré,
Lavande 322,Lavandula species_322,Asteraceae,Europe,Plante herbacée très répandue,Arrosage régulier,
Chêne 323,Quercus species_323,Lamiaceae,Méditerranée,Plante aromatique adaptée aux sols drainés,Peu d'eau,
Érable 324,Acer species_324,Fabaceae,Monde entier,Plante souvent fixatrice d'azote,Entretien faible,
Pin 325,Pinus species_325,Poaceae,Monde entier,Graminée adaptée à différents climats,Arrosage variable,
Orchidée 326,Orchis species_326,Cactaceae,Amérique,Plante succulente résistante à la sécheresse,Très peu d'eau,
Fougère 327,Dryopteris species_327,Orchidaceae,Tropical,Plante tropicale à fleurs remarquables,Humidité élevée,
Menthe 328,Mentha species_328,Araceae,Tropical,Plante décorative à feuillage remarquable,Lumière indirecte,
Thym 329,Thymus species_329,Pinaceae,Hémisphère nord,Arbre résineux persistant,Peu d'entretien,
Sauge 330,Salvia species_330,Fagaceae,Europe,Arbre forestier durable,Sol profond,
Cactus 331,Echinocactus species_331,Rosaceae,Europe,Plante fleurie ou fruitière de la famille des rosacées,Arrosage modéré,
Aloe 332,Aloe species_332,Asteraceae,Europe,Plante herbacée très répandue,Arrosage régulier,
Ficus 333,Ficus species_333,Lamiaceae,Méditerranée,Plante aromatique adaptée aux sols drainés,Peu d'eau,
Bambou 334,Bambusa species_334,Fabaceae,Monde entier,Plante souvent fixatrice d'azote,Entretien faible,
Tulipe 335,Tulipa species_335,Poaceae,Monde entier,Graminée adaptée à différents climats,Arrosage variable,
Tournesol 336,Helianthus species_336,Cactaceae,Amérique,Plante succulente résistante à la sécheresse,Très peu d'eau,
Pissenlit 337,Taraxacum species_337,Orchidaceae,Tropical,Plante tropicale à fleurs remarquables,Humidité élevée,
Bouleau 338,Betula species_338,Araceae,Tropical,Plante décorative à feuillage remarquable,Lumière indirecte,
Hêtre 339,Fagus species_339,Pinaceae,Hémisphère nord,Arbre résineux persistant,Peu d'entretien,
Palmier 340,Phoenix species_340,Fagaceae,Europe,Arbre forestier durable,Sol profond,
Rose 341,Rosa species_341,Rosaceae,Europe,Plante fleurie ou fruitière de la famille des rosacées,Arrosage modéré,
Lavande 342,Lavandula species_342,Asteraceae,Europe,Plante herbacée très répandue,Arrosage régulier,
Chêne 343,Quercus species_343,Lamiaceae,Méditerranée,Plante aromatique adaptée aux sols drainés,Peu d'eau,
Érable 344,Acer species_344,Fabaceae,Monde entier,Plante souvent fixatrice d'azote,Entretien faible,
Pin 345,Pinus species_345,Poaceae,Monde entier,Graminée adaptée à différents climats,Arrosage variable,
Orchidée 346,Orchis species_346,Cactaceae,Amérique,Plante succulente résistante à la sécheresse,Très peu d'eau,
Fougère 347,Dryopteris species_347,Orchidaceae,Tropical,Plante tropicale à fleurs remarquables,Humidité élevée,
Menthe 348,Mentha species_348,Araceae,Tropical,Plante décorative à feuillage remarquable,Lumière indirecte,
Thym 349,Thymus species_349,Pinaceae,Hémisphère nord,Arbre résineux persistant,Peu d'entretien,
Sauge 350,Salvia species_350,Fagaceae,Europe,Arbre forestier durable,Sol profond,
Cactus 351,Echinocactus species_351,Rosaceae,Europe,Plante fleurie ou fruitière de la famille des rosacées,Arrosage modéré,
Aloe 352,Aloe species_352,Asteraceae,Europe,Plante herbacée très répandue,Arrosage régulier,
Ficus 353,Ficus species_353,Lamiaceae,Méditerranée,Plante aromatique adaptée aux sols drainés,Peu d'eau,
Bambou 354,Bambusa species_354,Fabaceae,Monde entier,Plante souvent fixatrice d'azote,Entretien faible,
Tulipe 355,Tulipa species_355,Poaceae,Monde entier,Graminée adaptée à différents climats,Arrosage variable,
Tournesol 356,Helianthus species_356,Cactaceae,Amérique,Plante succulente résistante à la sécheresse,Très peu d'eau,
Pissenlit 357,Taraxacum species_357,Orchidaceae,Tropical,Plante tropicale à fleurs remarquables,Humidité élevée,
Bouleau 358,Betula species_358,Araceae,Tropical,Plante décorative à feuillage remarquable,Lumière indirecte,
Hêtre 359,Fagus species_359,Pinaceae,Hémisphère nord,Arbre résineux persistant,Peu d'entretien,
Palmier 360,Phoenix species_360,Fagaceae,Europe,Arbre forestier durable,Sol profond,
Rose 361,Rosa species_361,Rosaceae,Europe,Plante fleurie ou fruitière de la famille des rosacées,Arrosage modéré,
Lavande 362,Lavandula species_362,Asteraceae,Europe,Plante herbacée très répandue,Arrosage régulier,
Chêne 363,Quercus species_363,Lamiaceae,Méditerranée,Plante aromatique adaptée aux sols drainés,Peu d'eau,
Érable 364,Acer species_364,Fabaceae,Monde entier,Plante souvent fixatrice d'azote,Entretien faible,
Pin 365,Pinus species_365,Poaceae,Monde entier,Graminée adaptée à différents climats,Arrosage variable,
Orchidée 366,Orchis species_366,Cactaceae,Amérique,Plante succulente résistante à la sécheresse,Très peu d'eau,
Fougère 367,Dryopteris species_367,Orchidaceae,Tropical,Plante tropicale à fleurs remarquables,Humidité élevée,
Menthe 368,Mentha species_368,Araceae,Tropical,Plante décorative à feuillage remarquable,Lumière indirecte,
Thym 369,Thymus species_369,Pinaceae,Hémisphère nord,Arbre résineux persistant,Peu d'entretien,
Sauge 370,Salvia species_370,Fagaceae,Europe,Arbre forestier durable,Sol profond,
Cactus 371,Echinocactus species_371,Rosaceae,Europe,Plante fleurie ou fruitière de la famille des rosacées,Arrosage modéré,
Aloe 372,Aloe species_372,Asteraceae,Europe,Plante herbacée très répandue,Arrosage régulier,
Ficus 373,Ficus species_373,Lamiaceae,Méditerranée,Plante aromatique adaptée aux sols drainés,Peu d'eau,
Bambou 374,Bambusa species_374,Fabaceae,Monde entier,Plante souvent fixatrice d'azote,Entretien faible,
Tulipe 375,Tulipa species_375,Poaceae,Monde entier,Graminée adaptée à différents climats,Arrosage variable,
Tournesol 376,Helianthus species_376,Cactaceae,Amérique,Plante succulente résistante à la sécheresse,Très peu d'eau,
Pissenlit 377,Taraxacum species_377,Orchidaceae,Tropical,Plante tropicale à fleurs remarquables,Humidité élevée,
Bouleau 378,Betula species_378,Araceae,Tropical,Plante décorative à feuillage remarquable,Lumière indirecte,
Hêtre 379,Fagus species_379,Pinaceae,Hémisphère nord,Arbre résineux persistant,Peu d'entretien,
Palmier 380,Phoenix species_380,Fagaceae,Europe,Arbre forestier durable,Sol profond,
Rose 381,Rosa species_381,Rosaceae,Europe,Plante fleurie ou fruitière de la famille des rosacées,Arrosage modéré,
Lavande 382,Lavandula species_382,Asteraceae,Europe,Plante herbacée très répandue,Arrosage régulier,
Chêne 383,Quercus species_383,Lamiaceae,Méditerranée,Plante aromatique adaptée aux sols drainés,Peu d'eau,
Érable 384,Acer species_384,Fabaceae,Monde entier,Plante souvent fixatrice d'azote,Entretien faible,
Pin 385,Pinus species_385,Poaceae,Monde entier,Graminée adaptée à différents climats,Arrosage variable,
Orchidée 386,Orchis species_386,Cactaceae,Amérique,Plante succulente résistante à la sécheresse,Très peu d'eau,
Fougère 387,Dryopteris species_387,Orchidaceae,Tropical,Plante tropicale à fleurs remarquables,Humidité élevée,
Menthe 388,Mentha species_388,Araceae,Tropical,Plante décorative à feuillage remarquable,Lumière indirecte,
Thym 389,Thymus species_389,Pinaceae,Hémisphère nord,Arbre résineux persistant,Peu d'entretien,
Sauge 390,Salvia species_390,Fagaceae,Europe,Arbre forestier durable,Sol profond,
Cactus 391,Echinocactus species_391,Rosaceae,Europe,Plante fleurie ou fruitière de la famille des rosacées,Arrosage modéré,
Aloe 392,Aloe species_392,Asteraceae,Europe,Plante herbacée très répandue,Arrosage régulier,
Ficus 393,Ficus species_393,Lamiaceae,Méditerranée,Plante aromatique adaptée aux sols drainés,Peu d'eau,
Bambou 394,Bambusa species_394,Fabaceae,Monde entier,Plante souvent fixatrice d'azote,Entretien faible,
Tulipe 395,Tulipa species_395,Poaceae,Monde entier,Graminée adaptée à différents climats,Arrosage variable,
Tournesol 396,Helianthus species_396,Cactaceae,Amérique,Plante succulente résistante à la sécheresse,Très peu d'eau,
Pissenlit 397,Taraxacum species_397,Orchidaceae,Tropical,Plante tropicale à fleurs remarquables,Humidité élevée,
Bouleau 398,Betula species_398,Araceae,Tropical,Plante décorative à feuillage remarquable,Lumière indirecte,
Hêtre 399,Fagus species_399,Pinaceae,Hémisphère nord,Arbre résineux persistant,Peu d'entretien,
Palmier 400,Phoenix species_400,Fagaceae,Europe,Arbre forestier durable,Sol profond,
Rose 401,Rosa species_401,Rosaceae,Europe,Plante fleurie ou fruitière de la famille des rosacées,Arrosage modéré,
Lavande 402,Lavandula species_402,Asteraceae,Europe,Plante herbacée très répandue,Arrosage régulier,
Chêne 403,Quercus species_403,Lamiaceae,Méditerranée,Plante aromatique adaptée aux sols drainés,Peu d'eau,
Érable 404,Acer species_404,Fabaceae,Monde entier,Plante souvent fixatrice d'azote,Entretien faible,
Pin 405,Pinus species_405,Poaceae,Monde entier,Graminée adaptée à différents climats,Arrosage variable,
Orchidée 406,Orchis species_406,Cactaceae,Amérique,Plante succulente résistante à la sécheresse,Très peu d'eau,
Fougère 407,Dryopteris species_407,Orchidaceae,Tropical,Plante tropicale à fleurs remarquables,Humidité élevée,
Menthe 408,Mentha species_408,Araceae,Tropical,Plante décorative à feuillage remarquable,Lumière indirecte,
Thym 409,Thymus species_409,Pinaceae,Hémisphère nord,Arbre résineux persistant,Peu d'entretien,
Sauge 410,Salvia species_410,Fagaceae,Europe,Arbre forestier durable,Sol profond,
Cactus 411,Echinocactus species_411,Rosaceae,Europe,Plante fleurie ou fruitière de la famille des rosacées,Arrosage modéré,
Aloe 412,Aloe species_412,Asteraceae,Europe,Plante herbacée très répandue,Arrosage régulier,
Ficus 413,Ficus species_413,Lamiaceae,Méditerranée,Plante aromatique adaptée aux sols drainés,Peu d'eau,
Bambou 414,Bambusa species_414,Fabaceae,Monde entier,Plante souvent fixatrice d'azote,Entretien faible,
Tulipe 415,Tulipa species_415,Poaceae,Monde entier,Graminée adaptée à différents climats,Arrosage variable,
Tournesol 416,Helianthus species_416,Cactaceae,Amérique,Plante succulente résistante à la sécheresse,Très peu d'eau,
Pissenlit 417,Taraxacum species_417,Orchidaceae,Tropical,Plante tropicale à fleurs remarquables,Humidité élevée,
Bouleau 418,Betula species_418,Araceae,Tropical,Plante décorative à feuillage remarquable,Lumière indirecte,
Hêtre 419,Fagus species_419,Pinaceae,Hémisphère nord,Arbre résineux persistant,Peu d'entretien,
Palmier 420,Phoenix species_420,Fagaceae,Europe,Arbre forestier durable,Sol profond,
Rose 421,Rosa species_421,Rosaceae,Europe,Plante fleurie ou fruitière de la famille des rosacées,Arrosage modéré,
Lavande 422,Lavandula species_422,Asteraceae,Europe,Plante herbacée très répandue,Arrosage régulier,
Chêne 423,Quercus species_423,Lamiaceae,Méditerranée,Plante aromatique adaptée aux sols drainés,Peu d'eau,
Érable 424,Acer species_424,Fabaceae,Monde entier,Plante souvent fixatrice d'azote,Entretien faible,
Pin 425,Pinus species_425,Poaceae,Monde entier,Graminée adaptée à différents climats,Arrosage variable,
Orchidée 426,Orchis species_426,Cactaceae,Amérique,Plante succulente résistante à la sécheresse,Très peu d'eau,
Fougère 427,Dryopteris species_427,Orchidaceae,Tropical,Plante tropicale à fleurs remarquables,Humidité élevée,
Menthe 428,Mentha species_428,Araceae,Tropical,Plante décorative à feuillage remarquable,Lumière indirecte,
Thym 429,Thymus species_429,Pinaceae,Hémisphère nord,Arbre résineux persistant,Peu d'entretien,
Sauge 430,Salvia species_430,Fagaceae,Europe,Arbre forestier durable,Sol profond,
Cactus 431,Echinocactus species_431,Rosaceae,Europe,Plante fleurie ou fruitière de la famille des rosacées,Arrosage modéré,
Aloe 432,Aloe species_432,Asteraceae,Europe,Plante herbacée très répandue,Arrosage régulier,
Ficus 433,Ficus species_433,Lamiaceae,Méditerranée,Plante aromatique adaptée aux sols drainés,Peu d'eau,
Bambou 434,Bambusa species_434,Fabaceae,Monde entier,Plante souvent fixatrice d'azote,Entretien faible,
Tulipe 435,Tulipa species_435,Poaceae,Monde entier,Graminée adaptée à différents climats,Arrosage variable,
Tournesol 436,Helianthus species_436,Cactaceae,Amérique,Plante succulente résistante à la sécheresse,Très peu d'eau,
Pissenlit 437,Taraxacum species_437,Orchidaceae,Tropical,Plante tropicale à fleurs remarquables,Humidité élevée,
Bouleau 438,Betula species_438,Araceae,Tropical,Plante décorative à feuillage remarquable,Lumière indirecte,
Hêtre 439,Fagus species_439,Pinaceae,Hémisphère nord,Arbre résineux persistant,Peu d'entretien,
Palmier 440,Phoenix species_440,Fagaceae,Europe,Arbre forestier durable,Sol profond,
Rose 441,Rosa species_441,Rosaceae,Europe,Plante fleurie ou fruitière de la famille des rosacées,Arrosage modéré,
Lavande 442,Lavandula species_442,Asteraceae,Europe,Plante herbacée très répandue,Arrosage régulier,
Chêne 443,Quercus species_443,Lamiaceae,Méditerranée,Plante aromatique adaptée aux sols drainés,Peu d'eau,
Érable 444,Acer species_444,Fabaceae,Monde entier,Plante souvent fixatrice d'azote,Entretien faible,
Pin 445,Pinus species_445,Poaceae,Monde entier,Graminée adaptée à différents climats,Arrosage variable,
Orchidée 446,Orchis species_446,Cactaceae,Amérique,Plante succulente résistante à la sécheresse,Très peu d'eau,
Fougère 447,Dryopteris species_447,Orchidaceae,Tropical,Plante tropicale à fleurs remarquables,Humidité élevée,
Menthe 448,Mentha species_448,Araceae,Tropical,Plante décorative à feuillage remarquable,Lumière indirecte,
Thym 449,Thymus species_449,Pinaceae,Hémisphère nord,Arbre résineux persistant,Peu d'entretien,
Sauge 450,Salvia species_450,Fagaceae,Europe,Arbre forestier durable,Sol profond,
Cactus 451,Echinocactus species_451,Rosaceae,Europe,Plante fleurie ou fruitière de la famille des rosacées,Arrosage modéré,
Aloe 452,Aloe species_452,Asteraceae,Europe,Plante herbacée très répandue,Arrosage régulier,
Ficus 453,Ficus species_453,Lamiaceae,Méditerranée,Plante aromatique adaptée aux sols drainés,Peu d'eau,
Bambou 454,Bambusa species_454,Fabaceae,Monde entier,Plante souvent fixatrice d'azote,Entretien faible,
Tulipe 455,Tulipa species_455,Poaceae,Monde entier,Graminée adaptée à différents climats,Arrosage variable,
Tournesol 456,Helianthus species_456,Cactaceae,Amérique,Plante succulente résistante à la sécheresse,Très peu d'eau,
Pissenlit 457,Taraxacum species_457,Orchidaceae,Tropical,Plante tropicale à fleurs remarquables,Humidité élevée,
Bouleau 458,Betula species_458,Araceae,Tropical,Plante décorative à feuillage remarquable,Lumière indirecte,
Hêtre 459,Fagus species_459,Pinaceae,Hémisphère nord,Arbre résineux persistant,Peu d'entretien,
Palmier 460,Phoenix species_460,Fagaceae,Europe,Arbre forestier durable,Sol profond,
Rose 461,Rosa species_461,Rosaceae,Europe,Plante fleurie ou fruitière de la famille des rosacées,Arrosage modéré,
Lavande 462,Lavandula species_462,Asteraceae,Europe,Plante herbacée très répandue,Arrosage régulier,
Chêne 463,Quercus species_463,Lamiaceae,Méditerranée,Plante aromatique adaptée aux sols drainés,Peu d'eau,
Érable 464,Acer species_464,Fabaceae,Monde entier,Plante souvent fixatrice d'azote,Entretien faible,
Pin 465,Pinus species_465,Poaceae,Monde entier,Graminée adaptée à différents climats,Arrosage variable,
Orchidée 466,Orchis species_466,Cactaceae,Amérique,Plante succulente résistante à la sécheresse,Très peu d'eau,
Fougère 467,Dryopteris species_467,Orchidaceae,Tropical,Plante tropicale à fleurs remarquables,Humidité élevée,
Menthe 468,Mentha species_468,Araceae,Tropical,Plante décorative à feuillage remarquable,Lumière indirecte,
Thym 469,Thymus species_469,Pinaceae,Hémisphère nord,Arbre résineux persistant,Peu d'entretien,
Sauge 470,Salvia species_470,Fagaceae,Europe,Arbre forestier durable,Sol profond,
Cactus 471,Echinocactus species_471,Rosaceae,Europe,Plante fleurie ou fruitière de la famille des rosacées,Arrosage modéré,
Aloe 472,Aloe species_472,Asteraceae,Europe,Plante herbacée très répandue,Arrosage régulier,
Ficus 473,Ficus species_473,Lamiaceae,Méditerranée,Plante aromatique adaptée aux sols drainés,Peu d'eau,
Bambou 474,Bambusa species_474,Fabaceae,Monde entier,Plante souvent fixatrice d'azote,Entretien faible,
Tulipe 475,Tulipa species_475,Poaceae,Monde entier,Graminée adaptée à différents climats,Arrosage variable,
Tournesol 476,Helianthus species_476,Cactaceae,Amérique,Plante succulente résistante à la sécheresse,Très peu d'eau,
Pissenlit 477,Taraxacum species_477,Orchidaceae,Tropical,Plante tropicale à fleurs remarquables,Humidité élevée,
Bouleau 478,Betula species_478,Araceae,Tropical,Plante décorative à feuillage remarquable,Lumière indirecte,
Hêtre 479,Fagus species_479,Pinaceae,Hémisphère nord,Arbre résineux persistant,Peu d'entretien,
Palmier 480,Phoenix species_480,Fagaceae,Europe,Arbre forestier durable,Sol profond,
Rose 481,Rosa species_481,Rosaceae,Europe,Plante fleurie ou fruitière de la famille des rosacées,Arrosage modéré,
Lavande 482,Lavandula species_482,Asteraceae,Europe,Plante herbacée très répandue,Arrosage régulier,
Chêne 483,Quercus species_483,Lamiaceae,Méditerranée,Plante aromatique adaptée aux sols drainés,Peu d'eau,
Érable 484,Acer species_484,Fabaceae,Monde entier,Plante souvent fixatrice d'azote,Entretien faible,
Pin 485,Pinus species_485,Poaceae,Monde entier,Graminée adaptée à différents climats,Arrosage variable,
Orchidée 486,Orchis species_486,Cactaceae,Amérique,Plante succulente résistante à la sécheresse,Très peu d'eau,
Fougère 487,Dryopteris species_487,Orchidaceae,Tropical,Plante tropicale à fleurs remarquables,Humidité élevée,
Menthe 488,Mentha species_488,Araceae,Tropical,Plante décorative à feuillage remarquable,Lumière indirecte,
Thym 489,Thymus species_489,Pinaceae,Hémisphère nord,Arbre résineux persistant,Peu d'entretien,
Sauge 490,Salvia species_490,Fagaceae,Europe,Arbre forestier durable,Sol profond,
Cactus 491,Echinocactus species_491,Rosaceae,Europe,Plante fleurie ou fruitière de la famille des rosacées,Arrosage modéré,
Aloe 492,Aloe species_492,Asteraceae,Europe,Plante herbacée très répandue,Arrosage régulier,
Ficus 493,Ficus species_493,Lamiaceae,Méditerranée,Plante aromatique adaptée aux sols drainés,Peu d'eau,
Bambou 494,Bambusa species_494,Fabaceae,Monde entier,Plante souvent fixatrice d'azote,Entretien faible,
Tulipe 495,Tulipa species_495,Poaceae,Monde entier,Graminée adaptée à différents climats,Arrosage variable,
Tournesol 496,Helianthus species_496,Cactaceae,Amérique,Plante succulente résistante à la sécheresse,Très peu d'eau,
Pissenlit 497,Taraxacum species_497,Orchidaceae,Tropical,Plante tropicale à fleurs remarquables,Humidité élevée,
Bouleau 498,Betula species_498,Araceae,Tropical,Plante décorative à feuillage remarquable,Lumière indirecte,
Hêtre 499,Fagus species_499,Pinaceae,Hémisphère nord,Arbre résineux persistant,Peu d'entretien,
Palmier 500,Phoenix species_500,Fagaceae,Europe,Arbre forestier durable,Sol profond,
Rose 501,Rosa species_501,Rosaceae,Europe,Plante fleurie ou fruitière de la famille des rosacées,Arrosage modéré,
Lavande 502,Lavandula species_502,Asteraceae,Europe,Plante herbacée très répandue,Arrosage régulier,
Chêne 503,Quercus species_503,Lamiaceae,Méditerranée,Plante aromatique adaptée aux sols drainés,Peu d'eau,
Érable 504,Acer species_504,Fabaceae,Monde entier,Plante souvent fixatrice d'azote,Entretien faible,
Pin 505,Pinus species_505,Poaceae,Monde entier,Graminée adaptée à différents climats,Arrosage variable,
Orchidée 506,Orchis species_506,Cactaceae,Amérique,Plante succulente résistante à la sécheresse,Très peu d'eau,
Fougère 507,Dryopteris species_507,Orchidaceae,Tropical,Plante tropicale à fleurs remarquables,Humidité élevée,
Menthe 508,Mentha species_508,Araceae,Tropical,Plante décorative à feuillage remarquable,Lumière indirecte,
Thym 509,Thymus species_509,Pinaceae,Hémisphère nord,Arbre résineux persistant,Peu d'entretien,
Sauge 510,Salvia species_510,Fagaceae,Europe,Arbre forestier durable,Sol profond,
Cactus 511,Echinocactus species_511,Rosaceae,Europe,Plante fleurie ou fruitière de la famille des rosacées,Arrosage modéré,
Aloe 512,Aloe species_512,Asteraceae,Europe,Plante herbacée très répandue,Arrosage régulier,
Ficus 513,Ficus species_513,Lamiaceae,Méditerranée,Plante aromatique adaptée aux sols drainés,Peu d'eau,
Bambou 514,Bambusa species_514,Fabaceae,Monde entier,Plante souvent fixatrice d'azote,Entretien faible,
Tulipe 515,Tulipa species_515,Poaceae,Monde entier,Graminée adaptée à différents climats,Arrosage variable,
Tournesol 516,Helianthus species_516,Cactaceae,Amérique,Plante succulente résistante à la sécheresse,Très peu d'eau,
Pissenlit 517,Taraxacum species_517,Orchidaceae,Tropical,Plante tropicale à fleurs remarquables,Humidité élevée,
Bouleau 518,Betula species_518,Araceae,Tropical,Plante décorative à feuillage remarquable,Lumière indirecte,
Hêtre 519,Fagus species_519,Pinaceae,Hémisphère nord,Arbre résineux persistant,Peu d'entretien,
Palmier 520,Phoenix species_520,Fagaceae,Europe,Arbre forestier durable,Sol profond,
Rose 521,Rosa species_521,Rosaceae,Europe,Plante fleurie ou fruitière de la famille des rosacées,Arrosage modéré,
Lavande 522,Lavandula species_522,Asteraceae,Europe,Plante herbacée très répandue,Arrosage régulier,
Chêne 523,Quercus species_523,Lamiaceae,Méditerranée,Plante aromatique adaptée aux sols drainés,Peu d'eau,
Érable 524,Acer species_524,Fabaceae,Monde entier,Plante souvent fixatrice d'azote,Entretien faible,
Pin 525,Pinus species_525,Poaceae,Monde entier,Graminée adaptée à différents climats,Arrosage variable,
Orchidée 526,Orchis species_526,Cactaceae,Amérique,Plante succulente résistante à la sécheresse,Très peu d'eau,
Fougère 527,Dryopteris species_527,Orchidaceae,Tropical,Plante tropicale à fleurs remarquables,Humidité élevée,
Menthe 528,Mentha species_528,Araceae,Tropical,Plante décorative à feuillage remarquable,Lumière indirecte,
Thym 529,Thymus species_529,Pinaceae,Hémisphère nord,Arbre résineux persistant,Peu d'entretien,
Sauge 530,Salvia species_530,Fagaceae,Europe,Arbre forestier durable,Sol profond,
Cactus 531,Echinocactus species_531,Rosaceae,Europe,Plante fleurie ou fruitière de la famille des rosacées,Arrosage modéré,
Aloe 532,Aloe species_532,Asteraceae,Europe,Plante herbacée très répandue,Arrosage régulier,
Ficus 533,Ficus species_533,Lamiaceae,Méditerranée,Plante aromatique adaptée aux sols drainés,Peu d'eau,
Bambou 534,Bambusa species_534,Fabaceae,Monde entier,Plante souvent fixatrice d'azote,Entretien faible,
Tulipe 535,Tulipa species_535,Poaceae,Monde entier,Graminée adaptée à différents climats,Arrosage variable,
Tournesol 536,Helianthus species_536,Cactaceae,Amérique,Plante succulente résistante à la sécheresse,Très peu d'eau,
Pissenlit 537,Taraxacum species_537,Orchidaceae,Tropical,Plante tropicale à fleurs remarquables,Humidité élevée,
Bouleau 538,Betula species_538,Araceae,Tropical,Plante décorative à feuillage remarquable,Lumière indirecte,
Hêtre 539,Fagus species_539,Pinaceae,Hémisphère nord,Arbre résineux persistant,Peu d'entretien,
Palmier 540,Phoenix species_540,Fagaceae,Europe,Arbre forestier durable,Sol profond,
Rose 541,Rosa species_541,Rosaceae,Europe,Plante fleurie ou fruitière de la famille des rosacées,Arrosage modéré,
Lavande 542,Lavandula species_542,Asteraceae,Europe,Plante herbacée très répandue,Arrosage régulier,
Chêne 543,Quercus species_543,Lamiaceae,Méditerranée,Plante aromatique adaptée aux sols drainés,Peu d'eau,
Érable 544,Acer species_544,Fabaceae,Monde entier,Plante souvent fixatrice d'azote,Entretien faible,
Pin 545,Pinus species_545,Poaceae,Monde entier,Graminée adaptée à différents climats,Arrosage variable,
Orchidée 546,Orchis species_546,Cactaceae,Amérique,Plante succulente résistante à la sécheresse,Très peu d'eau,
Fougère 547,Dryopteris species_547,Orchidaceae,Tropical,Plante tropicale à fleurs remarquables,Humidité élevée,
Menthe 548,Mentha species_548,Araceae,Tropical,Plante décorative à feuillage remarquable,Lumière indirecte,
Thym 549,Thymus species_549,Pinaceae,Hémisphère nord,Arbre résineux persistant,Peu d'entretien,
Sauge 550,Salvia species_550,Fagaceae,Europe,Arbre forestier durable,Sol profond,
Cactus 551,Echinocactus species_551,Rosaceae,Europe,Plante fleurie ou fruitière de la famille des rosacées,Arrosage modéré,
Aloe 552,Aloe species_552,Asteraceae,Europe,Plante herbacée très répandue,Arrosage régulier,
Ficus 553,Ficus species_553,Lamiaceae,Méditerranée,Plante aromatique adaptée aux sols drainés,Peu d'eau,
Bambou 554,Bambusa species_554,Fabaceae,Monde entier,Plante souvent fixatrice d'azote,Entretien faible,
Tulipe 555,Tulipa species_555,Poaceae,Monde entier,Graminée adaptée à différents climats,Arrosage variable,
Tournesol 556,Helianthus species_556,Cactaceae,Amérique,Plante succulente résistante à la sécheresse,Très peu d'eau,
Pissenlit 557,Taraxacum species_557,Orchidaceae,Tropical,Plante tropicale à fleurs remarquables,Humidité élevée,
Bouleau 558,Betula species_558,Araceae,Tropical,Plante décorative à feuillage remarquable,Lumière indirecte,
Hêtre 559,Fagus species_559,Pinaceae,Hémisphère nord,Arbre résineux persistant,Peu d'entretien,
Palmier 560,Phoenix species_560,Fagaceae,Europe,Arbre forestier durable,Sol profond,
Rose 561,Rosa species_561,Rosaceae,Europe,Plante fleurie ou fruitière de la famille des rosacées,Arrosage modéré,
Lavande 562,Lavandula species_562,Asteraceae,Europe,Plante herbacée très répandue,Arrosage régulier,
Chêne 563,Quercus species_563,Lamiaceae,Méditerranée,Plante aromatique adaptée aux sols drainés,Peu d'eau,
Érable 564,Acer species_564,Fabaceae,Monde entier,Plante souvent fixatrice d'azote,Entretien faible,
Pin 565,Pinus species_565,Poaceae,Monde entier,Graminée adaptée à différents climats,Arrosage variable,
Orchidée 566,Orchis species_566,Cactaceae,Amérique,Plante succulente résistante à la sécheresse,Très peu d'eau,
Fougère 567,Dryopteris species_567,Orchidaceae,Tropical,Plante tropicale à fleurs remarquables,Humidité élevée,
Menthe 568,Mentha species_568,Araceae,Tropical,Plante décorative à feuillage remarquable,Lumière indirecte,
Thym 569,Thymus species_569,Pinaceae,Hémisphère nord,Arbre résineux persistant,Peu d'entretien,
Sauge 570,Salvia species_570,Fagaceae,Europe,Arbre forestier durable,Sol profond,
Cactus 571,Echinocactus species_571,Rosaceae,Europe,Plante fleurie ou fruitière de la famille des rosacées,Arrosage modéré,
Aloe 572,Aloe species_572,Asteraceae,Europe,Plante herbacée très répandue,Arrosage régulier,
Ficus 573,Ficus species_573,Lamiaceae,Méditerranée,Plante aromatique adaptée aux sols drainés,Peu d'eau,
Bambou 574,Bambusa species_574,Fabaceae,Monde entier,Plante souvent fixatrice d'azote,Entretien faible,
Tulipe 575,Tulipa species_575,Poaceae,Monde entier,Graminée adaptée à différents climats,Arrosage variable,
Tournesol 576,Helianthus species_576,Cactaceae,Amérique,Plante succulente résistante à la sécheresse,Très peu d'eau,
Pissenlit 577,Taraxacum species_577,Orchidaceae,Tropical,Plante tropicale à fleurs remarquables,Humidité élevée,
Bouleau 578,Betula species_578,Araceae,Tropical,Plante décorative à feuillage remarquable,Lumière indirecte,
Hêtre 579,Fagus species_579,Pinaceae,Hémisphère nord,Arbre résineux persistant,Peu d'entretien,
Palmier 580,Phoenix species_580,Fagaceae,Europe,Arbre forestier durable,Sol profond,
Rose 581,Rosa species_581,Rosaceae,Europe,Plante fleurie ou fruitière de la famille des rosacées,Arrosage modéré,
Lavande 582,Lavandula species_582,Asteraceae,Europe,Plante herbacée très répandue,Arrosage régulier,
Chêne 583,Quercus species_583,Lamiaceae,Méditerranée,Plante aromatique adaptée aux sols drainés,Peu d'eau,
Érable 584,Acer species_584,Fabaceae,Monde entier,Plante souvent fixatrice d'azote,Entretien faible,
Pin 585,Pinus species_585,Poaceae,Monde entier,Graminée adaptée à différents climats,Arrosage variable,
Orchidée 586,Orchis species_586,Cactaceae,Amérique,Plante succulente résistante à la sécheresse,Très peu d'eau,
Fougère 587,Dryopteris species_587,Orchidaceae,Tropical,Plante tropicale à fleurs remarquables,Humidité élevée,
Menthe 588,Mentha species_588,Araceae,Tropical,Plante décorative à feuillage remarquable,Lumière indirecte,
Thym 589,Thymus species_589,Pinaceae,Hémisphère nord,Arbre résineux persistant,Peu d'entretien,
Sauge 590,Salvia species_590,Fagaceae,Europe,Arbre forestier durable,Sol profond,
Cactus 591,Echinocactus species_591,Rosaceae,Europe,Plante fleurie ou fruitière de la famille des rosacées,Arrosage modéré,
Aloe 592,Aloe species_592,Asteraceae,Europe,Plante herbacée très répandue,Arrosage régulier,
Ficus 593,Ficus species_593,Lamiaceae,Méditerranée,Plante aromatique adaptée aux sols drainés,Peu d'eau,
Bambou 594,Bambusa species_594,Fabaceae,Monde entier,Plante souvent fixatrice d'azote,Entretien faible,
Tulipe 595,Tulipa species_595,Poaceae,Monde entier,Graminée adaptée à différents climats,Arrosage variable,
Tournesol 596,Helianthus species_596,Cactaceae,Amérique,Plante succulente résistante à la sécheresse,Très peu d'eau,
Pissenlit 597,Taraxacum species_597,Orchidaceae,Tropical,Plante tropicale à fleurs remarquables,Humidité élevée,
Bouleau 598,Betula species_598,Araceae,Tropical,Plante décorative à feuillage remarquable,Lumière indirecte,
Hêtre 599,Fagus species_599,Pinaceae,Hémisphère nord,Arbre résineux persistant,Peu d'entretien,
Palmier 600,Phoenix species_600,Fagaceae,Europe,Arbre forestier durable,Sol profond,
Rose 601,Rosa species_601,Rosaceae,Europe,Plante fleurie ou fruitière de la famille des rosacées,Arrosage modéré,
Lavande 602,Lavandula species_602,Asteraceae,Europe,Plante herbacée très répandue,Arrosage régulier,
Chêne 603,Quercus species_603,Lamiaceae,Méditerranée,Plante aromatique adaptée aux sols drainés,Peu d'eau,
Érable 604,Acer species_604,Fabaceae,Monde entier,Plante souvent fixatrice d'azote,Entretien faible,
Pin 605,Pinus species_605,Poaceae,Monde entier,Graminée adaptée à différents climats,Arrosage variable,
Orchidée 606,Orchis species_606,Cactaceae,Amérique,Plante succulente résistante à la sécheresse,Très peu d'eau,
Fougère 607,Dryopteris species_607,Orchidaceae,Tropical,Plante tropicale à fleurs remarquables,Humidité élevée,
Menthe 608,Mentha species_608,Araceae,Tropical,Plante décorative à feuillage remarquable,Lumière indirecte,
Thym 609,Thymus species_609,Pinaceae,Hémisphère nord,Arbre résineux persistant,Peu d'entretien,
Sauge 610,Salvia species_610,Fagaceae,Europe,Arbre forestier durable,Sol profond,
Cactus 611,Echinocactus species_611,Rosaceae,Europe,Plante fleurie ou fruitière de la famille des rosacées,Arrosage modéré,
Aloe 612,Aloe species_612,Asteraceae,Europe,Plante herbacée très répandue,Arrosage régulier,
Ficus 613,Ficus species_613,Lamiaceae,Méditerranée,Plante aromatique adaptée aux sols drainés,Peu d'eau,
Bambou 614,Bambusa species_614,Fabaceae,Monde entier,Plante souvent fixatrice d'azote,Entretien faible,
Tulipe 615,Tulipa species_615,Poaceae,Monde entier,Graminée adaptée à différents climats,Arrosage variable,
Tournesol 616,Helianthus species_616,Cactaceae,Amérique,Plante succulente résistante à la sécheresse,Très peu d'eau,
Pissenlit 617,Taraxacum species_617,Orchidaceae,Tropical,Plante tropicale à fleurs remarquables,Humidité élevée,
Bouleau 618,Betula species_618,Araceae,Tropical,Plante décorative à feuillage remarquable,Lumière indirecte,
Hêtre 619,Fagus species_619,Pinaceae,Hémisphère nord,Arbre résineux persistant,Peu d'entretien,
Palmier 620,Phoenix species_620,Fagaceae,Europe,Arbre forestier durable,Sol profond,
Rose 621,Rosa species_621,Rosaceae,Europe,Plante fleurie ou fruitière de la famille des rosacées,Arrosage modéré,
Lavande 622,Lavandula species_622,Asteraceae,Europe,Plante herbacée très répandue,Arrosage régulier,
Chêne 623,Quercus species_623,Lamiaceae,Méditerranée,Plante aromatique adaptée aux sols drainés,Peu d'eau,
Érable 624,Acer species_624,Fabaceae,Monde entier,Plante souvent fixatrice d'azote,Entretien faible,
Pin 625,Pinus species_625,Poaceae,Monde entier,Graminée adaptée à différents climats,Arrosage variable,
Orchidée 626,Orchis species_626,Cactaceae,Amérique,Plante succulente résistante à la sécheresse,Très peu d'eau,
Fougère 627,Dryopteris species_627,Orchidaceae,Tropical,Plante tropicale à fleurs remarquables,Humidité élevée,
Menthe 628,Mentha species_628,Araceae,Tropical,Plante décorative à feuillage remarquable,Lumière indirecte,
Thym 629,Thymus species_629,Pinaceae,Hémisphère nord,Arbre résineux persistant,Peu d'entretien,
Sauge 630,Salvia species_630,Fagaceae,Europe,Arbre forestier durable,Sol profond,
Cactus 631,Echinocactus species_631,Rosaceae,Europe,Plante fleurie ou fruitière de la famille des rosacées,Arrosage modéré,
Aloe 632,Aloe species_632,Asteraceae,Europe,Plante herbacée très répandue,Arrosage régulier,
Ficus 633,Ficus species_633,Lamiaceae,Méditerranée,Plante aromatique adaptée aux sols drainés,Peu d'eau,
Bambou 634,Bambusa species_634,Fabaceae,Monde entier,Plante souvent fixatrice d'azote,Entretien faible,
Tulipe 635,Tulipa species_635,Poaceae,Monde entier,Graminée adaptée à différents climats,Arrosage variable,
Tournesol 636,Helianthus species_636,Cactaceae,Amérique,Plante succulente résistante à la sécheresse,Très peu d'eau,
Pissenlit 637,Taraxacum species_637,Orchidaceae,Tropical,Plante tropicale à fleurs remarquables,Humidité élevée,
Bouleau 638,Betula species_638,Araceae,Tropical,Plante décorative à feuillage remarquable,Lumière indirecte,
Hêtre 639,Fagus species_639,Pinaceae,Hémisphère nord,Arbre résineux persistant,Peu d'entretien,
Palmier 640,Phoenix species_640,Fagaceae,Europe,Arbre forestier durable,Sol profond,
Rose 641,Rosa species_641,Rosaceae,Europe,Plante fleurie ou fruitière de la famille des rosacées,Arrosage modéré,
Lavande 642,Lavandula species_642,Asteraceae,Europe,Plante herbacée très répandue,Arrosage régulier,
Chêne 643,Quercus species_643,Lamiaceae,Méditerranée,Plante aromatique adaptée aux sols drainés,Peu d'eau,
Érable 644,Acer species_644,Fabaceae,Monde entier,Plante souvent fixatrice d'azote,Entretien faible,
Pin 645,Pinus species_645,Poaceae,Monde entier,Graminée adaptée à différents climats,Arrosage variable,
Orchidée 646,Orchis species_646,Cactaceae,Amérique,Plante succulente résistante à la sécheresse,Très peu d'eau,
Fougère 647,Dryopteris species_647,Orchidaceae,Tropical,Plante tropicale à fleurs remarquables,Humidité élevée,
Menthe 648,Mentha species_648,Araceae,Tropical,Plante décorative à feuillage remarquable,Lumière indirecte,
Thym 649,Thymus species_649,Pinaceae,Hémisphère nord,Arbre résineux persistant,Peu d'entretien,
Sauge 650,Salvia species_650,Fagaceae,Europe,Arbre forestier durable,Sol profond,
Cactus 651,Echinocactus species_651,Rosaceae,Europe,Plante fleurie ou fruitière de la famille des rosacées,Arrosage modéré,
Aloe 652,Aloe species_652,Asteraceae,Europe,Plante herbacée très répandue,Arrosage régulier,
Ficus 653,Ficus species_653,Lamiaceae,Méditerranée,Plante aromatique adaptée aux sols drainés,Peu d'eau,
Bambou 654,Bambusa species_654,Fabaceae,Monde entier,Plante souvent fixatrice d'azote,Entretien faible,
Tulipe 655,Tulipa species_655,Poaceae,Monde entier,Graminée adaptée à différents climats,Arrosage variable,
Tournesol 656,Helianthus species_656,Cactaceae,Amérique,Plante succulente résistante à la sécheresse,Très peu d'eau,
Pissenlit 657,Taraxacum species_657,Orchidaceae,Tropical,Plante tropicale à fleurs remarquables,Humidité élevée,
Bouleau 658,Betula species_658,Araceae,Tropical,Plante décorative à feuillage remarquable,Lumière indirecte,
Hêtre 659,Fagus species_659,Pinaceae,Hémisphère nord,Arbre résineux persistant,Peu d'entretien,
Palmier 660,Phoenix species_660,Fagaceae,Europe,Arbre forestier durable,Sol profond,
Rose 661,Rosa species_661,Rosaceae,Europe,Plante fleurie ou fruitière de la famille des rosacées,Arrosage modéré,
Lavande 662,Lavandula species_662,Asteraceae,Europe,Plante herbacée très répandue,Arrosage régulier,
Chêne 663,Quercus species_663,Lamiaceae,Méditerranée,Plante aromatique adaptée aux sols drainés,Peu d'eau,
Érable 664,Acer species_664,Fabaceae,Monde entier,Plante souvent fixatrice d'azote,Entretien faible,
Pin 665,Pinus species_665,Poaceae,Monde entier,Graminée adaptée à différents climats,Arrosage variable,
Orchidée 666,Orchis species_666,Cactaceae,Amérique,Plante succulente résistante à la sécheresse,Très peu d'eau,
Fougère 667,Dryopteris species_667,Orchidaceae,Tropical,Plante tropicale à fleurs remarquables,Humidité élevée,
Menthe 668,Mentha species_668,Araceae,Tropical,Plante décorative à feuillage remarquable,Lumière indirecte,
Thym 669,Thymus species_669,Pinaceae,Hémisphère nord,Arbre résineux persistant,Peu d'entretien,
Sauge 670,Salvia species_670,Fagaceae,Europe,Arbre forestier durable,Sol profond,
Cactus 671,Echinocactus species_671,Rosaceae,Europe,Plante fleurie ou fruitière de la famille des rosacées,Arrosage modéré,
Aloe 672,Aloe species_672,Asteraceae,Europe,Plante herbacée très répandue,Arrosage régulier,
Ficus 673,Ficus species_673,Lamiaceae,Méditerranée,Plante aromatique adaptée aux sols drainés,Peu d'eau,
Bambou 674,Bambusa species_674,Fabaceae,Monde entier,Plante souvent fixatrice d'azote,Entretien faible,
Tulipe 675,Tulipa species_675,Poaceae,Monde entier,Graminée adaptée à différents climats,Arrosage variable,
Tournesol 676,Helianthus species_676,Cactaceae,Amérique,Plante succulente résistante à la sécheresse,Très peu d'eau,
Pissenlit 677,Taraxacum species_677,Orchidaceae,Tropical,Plante tropicale à fleurs remarquables,Humidité élevée,
Bouleau 678,Betula species_678,Araceae,Tropical,Plante décorative à feuillage remarquable,Lumière indirecte,
Hêtre 679,Fagus species_679,Pinaceae,Hémisphère nord,Arbre résineux persistant,Peu d'entretien,
Palmier 680,Phoenix species_680,Fagaceae,Europe,Arbre forestier durable,Sol profond,
Rose 681,Rosa species_681,Rosaceae,Europe,Plante fleurie ou fruitière de la famille des rosacées,Arrosage modéré,
Lavande 682,Lavandula species_682,Asteraceae,Europe,Plante herbacée très répandue,Arrosage régulier,
Chêne 683,Quercus species_683,Lamiaceae,Méditerranée,Plante aromatique adaptée aux sols drainés,Peu d'eau,
Érable 684,Acer species_684,Fabaceae,Monde entier,Plante souvent fixatrice d'azote,Entretien faible,
Pin 685,Pinus species_685,Poaceae,Monde entier,Graminée adaptée à différents climats,Arrosage variable,
Orchidée 686,Orchis species_686,Cactaceae,Amérique,Plante succulente résistante à la sécheresse,Très peu d'eau,
Fougère 687,Dryopteris species_687,Orchidaceae,Tropical,Plante tropicale à fleurs remarquables,Humidité élevée,
Menthe 688,Mentha species_688,Araceae,Tropical,Plante décorative à feuillage remarquable,Lumière indirecte,
Thym 689,Thymus species_689,Pinaceae,Hémisphère nord,Arbre résineux persistant,Peu d'entretien,
Sauge 690,Salvia species_690,Fagaceae,Europe,Arbre forestier durable,Sol profond,
Cactus 691,Echinocactus species_691,Rosaceae,Europe,Plante fleurie ou fruitière de la famille des rosacées,Arrosage modéré,
Aloe 692,Aloe species_692,Asteraceae,Europe,Plante herbacée très répandue,Arrosage régulier,
Ficus 693,Ficus species_693,Lamiaceae,Méditerranée,Plante aromatique adaptée aux sols drainés,Peu d'eau,
Bambou 694,Bambusa species_694,Fabaceae,Monde entier,Plante souvent fixatrice d'azote,Entretien faible,
Tulipe 695,Tulipa species_695,Poaceae,Monde entier,Graminée adaptée à différents climats,Arrosage variable,
Tournesol 696,Helianthus species_696,Cactaceae,Amérique,Plante succulente résistante à la sécheresse,Très peu d'eau,
Pissenlit 697,Taraxacum species_697,Orchidaceae,Tropical,Plante tropicale à fleurs remarquables,Humidité élevée,
Bouleau 698,Betula species_698,Araceae,Tropical,Plante décorative à feuillage remarquable,Lumière indirecte,
Hêtre 699,Fagus species_699,Pinaceae,Hémisphère nord,Arbre résineux persistant,Peu d'entretien,
Palmier 700,Phoenix species_700,Fagaceae,Europe,Arbre forestier durable,Sol profond,
Rose 701,Rosa species_701,Rosaceae,Europe,Plante fleurie ou fruitière de la famille des rosacées,Arrosage modéré,
Lavande 702,Lavandula species_702,Asteraceae,Europe,Plante herbacée très répandue,Arrosage régulier,
Chêne 703,Quercus species_703,Lamiaceae,Méditerranée,Plante aromatique adaptée aux sols drainés,Peu d'eau,
Érable 704,Acer species_704,Fabaceae,Monde entier,Plante souvent fixatrice d'azote,Entretien faible,
Pin 705,Pinus species_705,Poaceae,Monde entier,Graminée adaptée à différents climats,Arrosage variable,
Orchidée 706,Orchis species_706,Cactaceae,Amérique,Plante succulente résistante à la sécheresse,Très peu d'eau,
Fougère 707,Dryopteris species_707,Orchidaceae,Tropical,Plante tropicale à fleurs remarquables,Humidité élevée,
Menthe 708,Mentha species_708,Araceae,Tropical,Plante décorative à feuillage remarquable,Lumière indirecte,
Thym 709,Thymus species_709,Pinaceae,Hémisphère nord,Arbre résineux persistant,Peu d'entretien,
Sauge 710,Salvia species_710,Fagaceae,Europe,Arbre forestier durable,Sol profond,
Cactus 711,Echinocactus species_711,Rosaceae,Europe,Plante fleurie ou fruitière de la famille des rosacées,Arrosage modéré,
Aloe 712,Aloe species_712,Asteraceae,Europe,Plante herbacée très répandue,Arrosage régulier,
Ficus 713,Ficus species_713,Lamiaceae,Méditerranée,Plante aromatique adaptée aux sols drainés,Peu d'eau,
Bambou 714,Bambusa species_714,Fabaceae,Monde entier,Plante souvent fixatrice d'azote,Entretien faible,
Tulipe 715,Tulipa species_715,Poaceae,Monde entier,Graminée adaptée à différents climats,Arrosage variable,
Tournesol 716,Helianthus species_716,Cactaceae,Amérique,Plante succulente résistante à la sécheresse,Très peu d'eau,
Pissenlit 717,Taraxacum species_717,Orchidaceae,Tropical,Plante tropicale à fleurs remarquables,Humidité élevée,
Bouleau 718,Betula species_718,Araceae,Tropical,Plante décorative à feuillage remarquable,Lumière indirecte,
Hêtre 719,Fagus species_719,Pinaceae,Hémisphère nord,Arbre résineux persistant,Peu d'entretien,
Palmier 720,Phoenix species_720,Fagaceae,Europe,Arbre forestier durable,Sol profond,
Rose 721,Rosa species_721,Rosaceae,Europe,Plante fleurie ou fruitière de la famille des rosacées,Arrosage modéré,
Lavande 722,Lavandula species_722,Asteraceae,Europe,Plante herbacée très répandue,Arrosage régulier,
Chêne 723,Quercus species_723,Lamiaceae,Méditerranée,Plante aromatique adaptée aux sols drainés,Peu d'eau,
Érable 724,Acer species_724,Fabaceae,Monde entier,Plante souvent fixatrice d'azote,Entretien faible,
Pin 725,Pinus species_725,Poaceae,Monde entier,Graminée adaptée à différents climats,Arrosage variable,
Orchidée 726,Orchis species_726,Cactaceae,Amérique,Plante succulente résistante à la sécheresse,Très peu d'eau,
Fougère 727,Dryopteris species_727,Orchidaceae,Tropical,Plante tropicale à fleurs remarquables,Humidité élevée,
Menthe 728,Mentha species_728,Araceae,Tropical,Plante décorative à feuillage remarquable,Lumière indirecte,
Thym 729,Thymus species_729,Pinaceae,Hémisphère nord,Arbre résineux persistant,Peu d'entretien,
Sauge 730,Salvia species_730,Fagaceae,Europe,Arbre forestier durable,Sol profond,
Cactus 731,Echinocactus species_731,Rosaceae,Europe,Plante fleurie ou fruitière de la famille des rosacées,Arrosage modéré,
Aloe 732,Aloe species_732,Asteraceae,Europe,Plante herbacée très répandue,Arrosage régulier,
Ficus 733,Ficus species_733,Lamiaceae,Méditerranée,Plante aromatique adaptée aux sols drainés,Peu d'eau,
Bambou 734,Bambusa species_734,Fabaceae,Monde entier,Plante souvent fixatrice d'azote,Entretien faible,
Tulipe 735,Tulipa species_735,Poaceae,Monde entier,Graminée adaptée à différents climats,Arrosage variable,
Tournesol 736,Helianthus species_736,Cactaceae,Amérique,Plante succulente résistante à la sécheresse,Très peu d'eau,
Pissenlit 737,Taraxacum species_737,Orchidaceae,Tropical,Plante tropicale à fleurs remarquables,Humidité élevée,
Bouleau 738,Betula species_738,Araceae,Tropical,Plante décorative à feuillage remarquable,Lumière indirecte,
Hêtre 739,Fagus species_739,Pinaceae,Hémisphère nord,Arbre résineux persistant,Peu d'entretien,
Palmier 740,Phoenix species_740,Fagaceae,Europe,Arbre forestier durable,Sol profond,
Rose 741,Rosa species_741,Rosaceae,Europe,Plante fleurie ou fruitière de la famille des rosacées,Arrosage modéré,
Lavande 742,Lavandula species_742,Asteraceae,Europe,Plante herbacée très répandue,Arrosage régulier,
Chêne 743,Quercus species_743,Lamiaceae,Méditerranée,Plante aromatique adaptée aux sols drainés,Peu d'eau,
Érable 744,Acer species_744,Fabaceae,Monde entier,Plante souvent fixatrice d'azote,Entretien faible,
Pin 745,Pinus species_745,Poaceae,Monde entier,Graminée adaptée à différents climats,Arrosage variable,
Orchidée 746,Orchis species_746,Cactaceae,Amérique,Plante succulente résistante à la sécheresse,Très peu d'eau,
Fougère 747,Dryopteris species_747,Orchidaceae,Tropical,Plante tropicale à fleurs remarquables,Humidité élevée,
Menthe 748,Mentha species_748,Araceae,Tropical,Plante décorative à feuillage remarquable,Lumière indirecte,
Thym 749,Thymus species_749,Pinaceae,Hémisphère nord,Arbre résineux persistant,Peu d'entretien,
Sauge 750,Salvia species_750,Fagaceae,Europe,Arbre forestier durable,Sol profond,
Cactus 751,Echinocactus species_751,Rosaceae,Europe,Plante fleurie ou fruitière de la famille des rosacées,Arrosage modéré,
Aloe 752,Aloe species_752,Asteraceae,Europe,Plante herbacée très répandue,Arrosage régulier,
Ficus 753,Ficus species_753,Lamiaceae,Méditerranée,Plante aromatique adaptée aux sols drainés,Peu d'eau,
Bambou 754,Bambusa species_754,Fabaceae,Monde entier,Plante souvent fixatrice d'azote,Entretien faible,
Tulipe 755,Tulipa species_755,Poaceae,Monde entier,Graminée adaptée à différents climats,Arrosage variable,
Tournesol 756,Helianthus species_756,Cactaceae,Amérique,Plante succulente résistante à la sécheresse,Très peu d'eau,
Pissenlit 757,Taraxacum species_757,Orchidaceae,Tropical,Plante tropicale à fleurs remarquables,Humidité élevée,
Bouleau 758,Betula species_758,Araceae,Tropical,Plante décorative à feuillage remarquable,Lumière indirecte,
Hêtre 759,Fagus species_759,Pinaceae,Hémisphère nord,Arbre résineux persistant,Peu d'entretien,
Palmier 760,Phoenix species_760,Fagaceae,Europe,Arbre forestier durable,Sol profond,
Rose 761,Rosa species_761,Rosaceae,Europe,Plante fleurie ou fruitière de la famille des rosacées,Arrosage modéré,
Lavande 762,Lavandula species_762,Asteraceae,Europe,Plante herbacée très répandue,Arrosage régulier,
Chêne 763,Quercus species_763,Lamiaceae,Méditerranée,Plante aromatique adaptée aux sols drainés,Peu d'eau,
Érable 764,Acer species_764,Fabaceae,Monde entier,Plante souvent fixatrice d'azote,Entretien faible,
Pin 765,Pinus species_765,Poaceae,Monde entier,Graminée adaptée à différents climats,Arrosage variable,
Orchidée 766,Orchis species_766,Cactaceae,Amérique,Plante succulente résistante à la sécheresse,Très peu d'eau,
Fougère 767,Dryopteris species_767,Orchidaceae,Tropical,Plante tropicale à fleurs remarquables,Humidité élevée,
Menthe 768,Mentha species_768,Araceae,Tropical,Plante décorative à feuillage remarquable,Lumière indirecte,
Thym 769,Thymus species_769,Pinaceae,Hémisphère nord,Arbre résineux persistant,Peu d'entretien,
Sauge 770,Salvia species_770,Fagaceae,Europe,Arbre forestier durable,Sol profond,
Cactus 771,Echinocactus species_771,Rosaceae,Europe,Plante fleurie ou fruitière de la famille des rosacées,Arrosage modéré,
Aloe 772,Aloe species_772,Asteraceae,Europe,Plante herbacée très répandue,Arrosage régulier,
Ficus 773,Ficus species_773,Lamiaceae,Méditerranée,Plante aromatique adaptée aux sols drainés,Peu d'eau,
Bambou 774,Bambusa species_774,Fabaceae,Monde entier,Plante souvent fixatrice d'azote,Entretien faible,
Tulipe 775,Tulipa species_775,Poaceae,Monde entier,Graminée adaptée à différents climats,Arrosage variable,
Tournesol 776,Helianthus species_776,Cactaceae,Amérique,Plante succulente résistante à la sécheresse,Très peu d'eau,
Pissenlit 777,Taraxacum species_777,Orchidaceae,Tropical,Plante tropicale à fleurs remarquables,Humidité élevée,
Bouleau 778,Betula species_778,Araceae,Tropical,Plante décorative à feuillage remarquable,Lumière indirecte,
Hêtre 779,Fagus species_779,Pinaceae,Hémisphère nord,Arbre résineux persistant,Peu d'entretien,
Palmier 780,Phoenix species_780,Fagaceae,Europe,Arbre forestier durable,Sol profond,
Rose 781,Rosa species_781,Rosaceae,Europe,Plante fleurie ou fruitière de la famille des rosacées,Arrosage modéré,
Lavande 782,Lavandula species_782,Asteraceae,Europe,Plante herbacée très répandue,Arrosage régulier,
Chêne 783,Quercus species_783,Lamiaceae,Méditerranée,Plante aromatique adaptée aux sols drainés,Peu d'eau,
Érable 784,Acer species_784,Fabaceae,Monde entier,Plante souvent fixatrice d'azote,Entretien faible,
Pin 785,Pinus species_785,Poaceae,Monde entier,Graminée adaptée à différents climats,Arrosage variable,
Orchidée 786,Orchis species_786,Cactaceae,Amérique,Plante succulente résistante à la sécheresse,Très peu d'eau,
Fougère 787,Dryopteris species_787,Orchidaceae,Tropical,Plante tropicale à fleurs remarquables,Humidité élevée,
Menthe 788,Mentha species_788,Araceae,Tropical,Plante décorative à feuillage remarquable,Lumière indirecte,
Thym 789,Thymus species_789,Pinaceae,Hémisphère nord,Arbre résineux persistant,Peu d'entretien,
Sauge 790,Salvia species_790,Fagaceae,Europe,Arbre forestier durable,Sol profond,
Cactus 791,Echinocactus species_791,Rosaceae,Europe,Plante fleurie ou fruitière de la famille des rosacées,Arrosage modéré,
Aloe 792,Aloe species_792,Asteraceae,Europe,Plante herbacée très répandue,Arrosage régulier,
Ficus 793,Ficus species_793,Lamiaceae,Méditerranée,Plante aromatique adaptée aux sols drainés,Peu d'eau,
Bambou 794,Bambusa species_794,Fabaceae,Monde entier,Plante souvent fixatrice d'azote,Entretien faible,
Tulipe 795,Tulipa species_795,Poaceae,Monde entier,Graminée adaptée à différents climats,Arrosage variable,
Tournesol 796,Helianthus species_796,Cactaceae,Amérique,Plante succulente résistante à la sécheresse,Très peu d'eau,
Pissenlit 797,Taraxacum species_797,Orchidaceae,Tropical,Plante tropicale à fleurs remarquables,Humidité élevée,
Bouleau 798,Betula species_798,Araceae,Tropical,Plante décorative à feuillage remarquable,Lumière indirecte,
Hêtre 799,Fagus species_799,Pinaceae,Hémisphère nord,Arbre résineux persistant,Peu d'entretien,
Palmier 800,Phoenix species_800,Fagaceae,Europe,Arbre forestier durable,Sol profond,
Rose 801,Rosa species_801,Rosaceae,Europe,Plante fleurie ou fruitière de la famille des rosacées,Arrosage modéré,
Lavande 802,Lavandula species_802,Asteraceae,Europe,Plante herbacée très répandue,Arrosage régulier,
Chêne 803,Quercus species_803,Lamiaceae,Méditerranée,Plante aromatique adaptée aux sols drainés,Peu d'eau,
Érable 804,Acer species_804,Fabaceae,Monde entier,Plante souvent fixatrice d'azote,Entretien faible,
Pin 805,Pinus species_805,Poaceae,Monde entier,Graminée adaptée à différents climats,Arrosage variable,
Orchidée 806,Orchis species_806,Cactaceae,Amérique,Plante succulente résistante à la sécheresse,Très peu d'eau,
Fougère 807,Dryopteris species_807,Orchidaceae,Tropical,Plante tropicale à fleurs remarquables,Humidité élevée,
Menthe 808,Mentha species_808,Araceae,Tropical,Plante décorative à feuillage remarquable,Lumière indirecte,
Thym 809,Thymus species_809,Pinaceae,Hémisphère nord,Arbre résineux persistant,Peu d'entretien,
Sauge 810,Salvia species_810,Fagaceae,Europe,Arbre forestier durable,Sol profond,
Cactus 811,Echinocactus species_811,Rosaceae,Europe,Plante fleurie ou fruitière de la famille des rosacées,Arrosage modéré,
Aloe 812,Aloe species_812,Asteraceae,Europe,Plante herbacée très répandue,Arrosage régulier,
Ficus 813,Ficus species_813,Lamiaceae,Méditerranée,Plante aromatique adaptée aux sols drainés,Peu d'eau,
Bambou 814,Bambusa species_814,Fabaceae,Monde entier,Plante souvent fixatrice d'azote,Entretien faible,
Tulipe 815,Tulipa species_815,Poaceae,Monde entier,Graminée adaptée à différents climats,Arrosage variable,
Tournesol 816,Helianthus species_816,Cactaceae,Amérique,Plante succulente résistante à la sécheresse,Très peu d'eau,
Pissenlit 817,Taraxacum species_817,Orchidaceae,Tropical,Plante tropicale à fleurs remarquables,Humidité élevée,
Bouleau 818,Betula species_818,Araceae,Tropical,Plante décorative à feuillage remarquable,Lumière indirecte,
Hêtre 819,Fagus species_819,Pinaceae,Hémisphère nord,Arbre résineux persistant,Peu d'entretien,
Palmier 820,Phoenix species_820,Fagaceae,Europe,Arbre forestier durable,Sol profond,
Rose 821,Rosa species_821,Rosaceae,Europe,Plante fleurie ou fruitière de la famille des rosacées,Arrosage modéré,
Lavande 822,Lavandula species_822,Asteraceae,Europe,Plante herbacée très répandue,Arrosage régulier,
Chêne 823,Quercus species_823,Lamiaceae,Méditerranée,Plante aromatique adaptée aux sols drainés,Peu d'eau,
Érable 824,Acer species_824,Fabaceae,Monde entier,Plante souvent fixatrice d'azote,Entretien faible,
Pin 825,Pinus species_825,Poaceae,Monde entier,Graminée adaptée à différents climats,Arrosage variable,
Orchidée 826,Orchis species_826,Cactaceae,Amérique,Plante succulente résistante à la sécheresse,Très peu d'eau,
Fougère 827,Dryopteris species_827,Orchidaceae,Tropical,Plante tropicale à fleurs remarquables,Humidité élevée,
Menthe 828,Mentha species_828,Araceae,Tropical,Plante décorative à feuillage remarquable,Lumière indirecte,
Thym 829,Thymus species_829,Pinaceae,Hémisphère nord,Arbre résineux persistant,Peu d'entretien,
Sauge 830,Salvia species_830,Fagaceae,Europe,Arbre forestier durable,Sol profond,
Cactus 831,Echinocactus species_831,Rosaceae,Europe,Plante fleurie ou fruitière de la famille des rosacées,Arrosage modéré,
Aloe 832,Aloe species_832,Asteraceae,Europe,Plante herbacée très répandue,Arrosage régulier,
Ficus 833,Ficus species_833,Lamiaceae,Méditerranée,Plante aromatique adaptée aux sols drainés,Peu d'eau,
Bambou 834,Bambusa species_834,Fabaceae,Monde entier,Plante souvent fixatrice d'azote,Entretien faible,
Tulipe 835,Tulipa species_835,Poaceae,Monde entier,Graminée adaptée à différents climats,Arrosage variable,
Tournesol 836,Helianthus species_836,Cactaceae,Amérique,Plante succulente résistante à la sécheresse,Très peu d'eau,
Pissenlit 837,Taraxacum species_837,Orchidaceae,Tropical,Plante tropicale à fleurs remarquables,Humidité élevée,
Bouleau 838,Betula species_838,Araceae,Tropical,Plante décorative à feuillage remarquable,Lumière indirecte,
Hêtre 839,Fagus species_839,Pinaceae,Hémisphère nord,Arbre résineux persistant,Peu d'entretien,
Palmier 840,Phoenix species_840,Fagaceae,Europe,Arbre forestier durable,Sol profond,
Rose 841,Rosa species_841,Rosaceae,Europe,Plante fleurie ou fruitière de la famille des rosacées,Arrosage modéré,
Lavande 842,Lavandula species_842,Asteraceae,Europe,Plante herbacée très répandue,Arrosage régulier,
Chêne 843,Quercus species_843,Lamiaceae,Méditerranée,Plante aromatique adaptée aux sols drainés,Peu d'eau,
Érable 844,Acer species_844,Fabaceae,Monde entier,Plante souvent fixatrice d'azote,Entretien faible,
Pin 845,Pinus species_845,Poaceae,Monde entier,Graminée adaptée à différents climats,Arrosage variable,
Orchidée 846,Orchis species_846,Cactaceae,Amérique,Plante succulente résistante à la sécheresse,Très peu d'eau,
Fougère 847,Dryopteris species_847,Orchidaceae,Tropical,Plante tropicale à fleurs remarquables,Humidité élevée,
Menthe 848,Mentha species_848,Araceae,Tropical,Plante décorative à feuillage remarquable,Lumière indirecte,
Thym 849,Thymus species_849,Pinaceae,Hémisphère nord,Arbre résineux persistant,Peu d'entretien,
Sauge 850,Salvia species_850,Fagaceae,Europe,Arbre forestier durable,Sol profond,
Cactus 851,Echinocactus species_851,Rosaceae,Europe,Plante fleurie ou fruitière de la famille des rosacées,Arrosage modéré,
Aloe 852,Aloe species_852,Asteraceae,Europe,Plante herbacée très répandue,Arrosage régulier,
Ficus 853,Ficus species_853,Lamiaceae,Méditerranée,Plante aromatique adaptée aux sols drainés,Peu d'eau,
Bambou 854,Bambusa species_854,Fabaceae,Monde entier,Plante souvent fixatrice d'azote,Entretien faible,
Tulipe 855,Tulipa species_855,Poaceae,Monde entier,Graminée adaptée à différents climats,Arrosage variable,
Tournesol 856,Helianthus species_856,Cactaceae,Amérique,Plante succulente résistante à la sécheresse,Très peu d'eau,
Pissenlit 857,Taraxacum species_857,Orchidaceae,Tropical,Plante tropicale à fleurs remarquables,Humidité élevée,
Bouleau 858,Betula species_858,Araceae,Tropical,Plante décorative à feuillage remarquable,Lumière indirecte,
Hêtre 859,Fagus species_859,Pinaceae,Hémisphère nord,Arbre résineux persistant,Peu d'entretien,
Palmier 860,Phoenix species_860,Fagaceae,Europe,Arbre forestier durable,Sol profond,
Rose 861,Rosa species_861,Rosaceae,Europe,Plante fleurie ou fruitière de la famille des rosacées,Arrosage modéré,
Lavande 862,Lavandula species_862,Asteraceae,Europe,Plante herbacée très répandue,Arrosage régulier,
Chêne 863,Quercus species_863,Lamiaceae,Méditerranée,Plante aromatique adaptée aux sols drainés,Peu d'eau,
Érable 864,Acer species_864,Fabaceae,Monde entier,Plante souvent fixatrice d'azote,Entretien faible,
Pin 865,Pinus species_865,Poaceae,Monde entier,Graminée adaptée à différents climats,Arrosage variable,
Orchidée 866,Orchis species_866,Cactaceae,Amérique,Plante succulente résistante à la sécheresse,Très peu d'eau,
Fougère 867,Dryopteris species_867,Orchidaceae,Tropical,Plante tropicale à fleurs remarquables,Humidité élevée,
Menthe 868,Mentha species_868,Araceae,Tropical,Plante décorative à feuillage remarquable,Lumière indirecte,
Thym 869,Thymus species_869,Pinaceae,Hémisphère nord,Arbre résineux persistant,Peu d'entretien,
Sauge 870,Salvia species_870,Fagaceae,Europe,Arbre forestier durable,Sol profond,
Cactus 871,Echinocactus species_871,Rosaceae,Europe,Plante fleurie ou fruitière de la famille des rosacées,Arrosage modéré,
Aloe 872,Aloe species_872,Asteraceae,Europe,Plante herbacée très répandue,Arrosage régulier,
Ficus 873,Ficus species_873,Lamiaceae,Méditerranée,Plante aromatique adaptée aux sols drainés,Peu d'eau,
Bambou 874,Bambusa species_874,Fabaceae,Monde entier,Plante souvent fixatrice d'azote,Entretien faible,
Tulipe 875,Tulipa species_875,Poaceae,Monde entier,Graminée adaptée à différents climats,Arrosage variable,
Tournesol 876,Helianthus species_876,Cactaceae,Amérique,Plante succulente résistante à la sécheresse,Très peu d'eau,
Pissenlit 877,Taraxacum species_877,Orchidaceae,Tropical,Plante tropicale à fleurs remarquables,Humidité élevée,
Bouleau 878,Betula species_878,Araceae,Tropical,Plante décorative à feuillage remarquable,Lumière indirecte,
Hêtre 879,Fagus species_879,Pinaceae,Hémisphère nord,Arbre résineux persistant,Peu d'entretien,
Palmier 880,Phoenix species_880,Fagaceae,Europe,Arbre forestier durable,Sol profond,
Rose 881,Rosa species_881,Rosaceae,Europe,Plante fleurie ou fruitière de la famille des rosacées,Arrosage modéré,
Lavande 882,Lavandula species_882,Asteraceae,Europe,Plante herbacée très répandue,Arrosage régulier,
Chêne 883,Quercus species_883,Lamiaceae,Méditerranée,Plante aromatique adaptée aux sols drainés,Peu d'eau,
Érable 884,Acer species_884,Fabaceae,Monde entier,Plante souvent fixatrice d'azote,Entretien faible,
Pin 885,Pinus species_885,Poaceae,Monde entier,Graminée adaptée à différents climats,Arrosage variable,
Orchidée 886,Orchis species_886,Cactaceae,Amérique,Plante succulente résistante à la sécheresse,Très peu d'eau,
Fougère 887,Dryopteris species_887,Orchidaceae,Tropical,Plante tropicale à fleurs remarquables,Humidité élevée,
Menthe 888,Mentha species_888,Araceae,Tropical,Plante décorative à feuillage remarquable,Lumière indirecte,
Thym 889,Thymus species_889,Pinaceae,Hémisphère nord,Arbre résineux persistant,Peu d'entretien,
Sauge 890,Salvia species_890,Fagaceae,Europe,Arbre forestier durable,Sol profond,
Cactus 891,Echinocactus species_891,Rosaceae,Europe,Plante fleurie ou fruitière de la famille des rosacées,Arrosage modéré,
Aloe 892,Aloe species_892,Asteraceae,Europe,Plante herbacée très répandue,Arrosage régulier,
Ficus 893,Ficus species_893,Lamiaceae,Méditerranée,Plante aromatique adaptée aux sols drainés,Peu d'eau,
Bambou 894,Bambusa species_894,Fabaceae,Monde entier,Plante souvent fixatrice d'azote,Entretien faible,
Tulipe 895,Tulipa species_895,Poaceae,Monde entier,Graminée adaptée à différents climats,Arrosage variable,
Tournesol 896,Helianthus species_896,Cactaceae,Amérique,Plante succulente résistante à la sécheresse,Très peu d'eau,
Pissenlit 897,Taraxacum species_897,Orchidaceae,Tropical,Plante tropicale à fleurs remarquables,Humidité élevée,
Bouleau 898,Betula species_898,Araceae,Tropical,Plante décorative à feuillage remarquable,Lumière indirecte,
Hêtre 899,Fagus species_899,Pinaceae,Hémisphère nord,Arbre résineux persistant,Peu d'entretien,
Palmier 900,Phoenix species_900,Fagaceae,Europe,Arbre forestier durable,Sol profond,
Rose 901,Rosa species_901,Rosaceae,Europe,Plante fleurie ou fruitière de la famille des rosacées,Arrosage modéré,
Lavande 902,Lavandula species_902,Asteraceae,Europe,Plante herbacée très répandue,Arrosage régulier,
Chêne 903,Quercus species_903,Lamiaceae,Méditerranée,Plante aromatique adaptée aux sols drainés,Peu d'eau,
Érable 904,Acer species_904,Fabaceae,Monde entier,Plante souvent fixatrice d'azote,Entretien faible,
Pin 905,Pinus species_905,Poaceae,Monde entier,Graminée adaptée à différents climats,Arrosage variable,
Orchidée 906,Orchis species_906,Cactaceae,Amérique,Plante succulente résistante à la sécheresse,Très peu d'eau,
Fougère 907,Dryopteris species_907,Orchidaceae,Tropical,Plante tropicale à fleurs remarquables,Humidité élevée,
Menthe 908,Mentha species_908,Araceae,Tropical,Plante décorative à feuillage remarquable,Lumière indirecte,
Thym 909,Thymus species_909,Pinaceae,Hémisphère nord,Arbre résineux persistant,Peu d'entretien,
Sauge 910,Salvia species_910,Fagaceae,Europe,Arbre forestier durable,Sol profond,
Cactus 911,Echinocactus species_911,Rosaceae,Europe,Plante fleurie ou fruitière de la famille des rosacées,Arrosage modéré,
Aloe 912,Aloe species_912,Asteraceae,Europe,Plante herbacée très répandue,Arrosage régulier,
Ficus 913,Ficus species_913,Lamiaceae,Méditerranée,Plante aromatique adaptée aux sols drainés,Peu d'eau,
Bambou 914,Bambusa species_914,Fabaceae,Monde entier,Plante souvent fixatrice d'azote,Entretien faible,
Tulipe 915,Tulipa species_915,Poaceae,Monde entier,Graminée adaptée à différents climats,Arrosage variable,
Tournesol 916,Helianthus species_916,Cactaceae,Amérique,Plante succulente résistante à la sécheresse,Très peu d'eau,
Pissenlit 917,Taraxacum species_917,Orchidaceae,Tropical,Plante tropicale à fleurs remarquables,Humidité élevée,
Bouleau 918,Betula species_918,Araceae,Tropical,Plante décorative à feuillage remarquable,Lumière indirecte,
Hêtre 919,Fagus species_919,Pinaceae,Hémisphère nord,Arbre résineux persistant,Peu d'entretien,
Palmier 920,Phoenix species_920,Fagaceae,Europe,Arbre forestier durable,Sol profond,
Rose 921,Rosa species_921,Rosaceae,Europe,Plante fleurie ou fruitière de la famille des rosacées,Arrosage modéré,
Lavande 922,Lavandula species_922,Asteraceae,Europe,Plante herbacée très répandue,Arrosage régulier,
Chêne 923,Quercus species_923,Lamiaceae,Méditerranée,Plante aromatique adaptée aux sols drainés,Peu d'eau,
Érable 924,Acer species_924,Fabaceae,Monde entier,Plante souvent fixatrice d'azote,Entretien faible,
Pin 925,Pinus species_925,Poaceae,Monde entier,Graminée adaptée à différents climats,Arrosage variable,
Orchidée 926,Orchis species_926,Cactaceae,Amérique,Plante succulente résistante à la sécheresse,Très peu d'eau,
Fougère 927,Dryopteris species_927,Orchidaceae,Tropical,Plante tropicale à fleurs remarquables,Humidité élevée,
Menthe 928,Mentha species_928,Araceae,Tropical,Plante décorative à feuillage remarquable,Lumière indirecte,
Thym 929,Thymus species_929,Pinaceae,Hémisphère nord,Arbre résineux persistant,Peu d'entretien,
Sauge 930,Salvia species_930,Fagaceae,Europe,Arbre forestier durable,Sol profond,
Cactus 931,Echinocactus species_931,Rosaceae,Europe,Plante fleurie ou fruitière de la famille des rosacées,Arrosage modéré,
Aloe 932,Aloe species_932,Asteraceae,Europe,Plante herbacée très répandue,Arrosage régulier,
Ficus 933,Ficus species_933,Lamiaceae,Méditerranée,Plante aromatique adaptée aux sols drainés,Peu d'eau,
Bambou 934,Bambusa species_934,Fabaceae,Monde entier,Plante souvent fixatrice d'azote,Entretien faible,
Tulipe 935,Tulipa species_935,Poaceae,Monde entier,Graminée adaptée à différents climats,Arrosage variable,
Tournesol 936,Helianthus species_936,Cactaceae,Amérique,Plante succulente résistante à la sécheresse,Très peu d'eau,
Pissenlit 937,Taraxacum species_937,Orchidaceae,Tropical,Plante tropicale à fleurs remarquables,Humidité élevée,
Bouleau 938,Betula species_938,Araceae,Tropical,Plante décorative à feuillage remarquable,Lumière indirecte,
Hêtre 939,Fagus species_939,Pinaceae,Hémisphère nord,Arbre résineux persistant,Peu d'entretien,
Palmier 940,Phoenix species_940,Fagaceae,Europe,Arbre forestier durable,Sol profond,
Rose 941,Rosa species_941,Rosaceae,Europe,Plante fleurie ou fruitière de la famille des rosacées,Arrosage modéré,
Lavande 942,Lavandula species_942,Asteraceae,Europe,Plante herbacée très répandue,Arrosage régulier,
Chêne 943,Quercus species_943,Lamiaceae,Méditerranée,Plante aromatique adaptée aux sols drainés,Peu d'eau,
Érable 944,Acer species_944,Fabaceae,Monde entier,Plante souvent fixatrice d'azote,Entretien faible,
Pin 945,Pinus species_945,Poaceae,Monde entier,Graminée adaptée à différents climats,Arrosage variable,
Orchidée 946,Orchis species_946,Cactaceae,Amérique,Plante succulente résistante à la sécheresse,Très peu d'eau,
Fougère 947,Dryopteris species_947,Orchidaceae,Tropical,Plante tropicale à fleurs remarquables,Humidité élevée,
Menthe 948,Mentha species_948,Araceae,Tropical,Plante décorative à feuillage remarquable,Lumière indirecte,
Thym 949,Thymus species_949,Pinaceae,Hémisphère nord,Arbre résineux persistant,Peu d'entretien,
Sauge 950,Salvia species_950,Fagaceae,Europe,Arbre forestier durable,Sol profond,
Cactus 951,Echinocactus species_951,Rosaceae,Europe,Plante fleurie ou fruitière de la famille des rosacées,Arrosage modéré,
Aloe 952,Aloe species_952,Asteraceae,Europe,Plante herbacée très répandue,Arrosage régulier,
Ficus 953,Ficus species_953,Lamiaceae,Méditerranée,Plante aromatique adaptée aux sols drainés,Peu d'eau,
Bambou 954,Bambusa species_954,Fabaceae,Monde entier,Plante souvent fixatrice d'azote,Entretien faible,
Tulipe 955,Tulipa species_955,Poaceae,Monde entier,Graminée adaptée à différents climats,Arrosage variable,
Tournesol 956,Helianthus species_956,Cactaceae,Amérique,Plante succulente résistante à la sécheresse,Très peu d'eau,
Pissenlit 957,Taraxacum species_957,Orchidaceae,Tropical,Plante tropicale à fleurs remarquables,Humidité élevée,
Bouleau 958,Betula species_958,Araceae,Tropical,Plante décorative à feuillage remarquable,Lumière indirecte,
Hêtre 959,Fagus species_959,Pinaceae,Hémisphère nord,Arbre résineux persistant,Peu d'entretien,
Palmier 960,Phoenix species_960,Fagaceae,Europe,Arbre forestier durable,Sol profond,
Rose 961,Rosa species_961,Rosaceae,Europe,Plante fleurie ou fruitière de la famille des rosacées,Arrosage modéré,
Lavande 962,Lavandula species_962,Asteraceae,Europe,Plante herbacée très répandue,Arrosage régulier,
Chêne 963,Quercus species_963,Lamiaceae,Méditerranée,Plante aromatique adaptée aux sols drainés,Peu d'eau,
Érable 964,Acer species_964,Fabaceae,Monde entier,Plante souvent fixatrice d'azote,Entretien faible,
Pin 965,Pinus species_965,Poaceae,Monde entier,Graminée adaptée à différents climats,Arrosage variable,
Orchidée 966,Orchis species_966,Cactaceae,Amérique,Plante succulente résistante à la sécheresse,Très peu d'eau,
Fougère 967,Dryopteris species_967,Orchidaceae,Tropical,Plante tropicale à fleurs remarquables,Humidité élevée,
Menthe 968,Mentha species_968,Araceae,Tropical,Plante décorative à feuillage remarquable,Lumière indirecte,
Thym 969,Thymus species_969,Pinaceae,Hémisphère nord,Arbre résineux persistant,Peu d'entretien,
Sauge 970,Salvia species_970,Fagaceae,Europe,Arbre forestier durable,Sol profond,
Cactus 971,Echinocactus species_971,Rosaceae,Europe,Plante fleurie ou fruitière de la famille des rosacées,Arrosage modéré,
Aloe 972,Aloe species_972,Asteraceae,Europe,Plante herbacée très répandue,Arrosage régulier,
Ficus 973,Ficus species_973,Lamiaceae,Méditerranée,Plante aromatique adaptée aux sols drainés,Peu d'eau,
Bambou 974,Bambusa species_974,Fabaceae,Monde entier,Plante souvent fixatrice d'azote,Entretien faible,
Tulipe 975,Tulipa species_975,Poaceae,Monde entier,Graminée adaptée à différents climats,Arrosage variable,
Tournesol 976,Helianthus species_976,Cactaceae,Amérique,Plante succulente résistante à la sécheresse,Très peu d'eau,
Pissenlit 977,Taraxacum species_977,Orchidaceae,Tropical,Plante tropicale à fleurs remarquables,Humidité élevée,
Bouleau 978,Betula species_978,Araceae,Tropical,Plante décorative à feuillage remarquable,Lumière indirecte,
Hêtre 979,Fagus species_979,Pinaceae,Hémisphère nord,Arbre résineux persistant,Peu d'entretien,
Palmier 980,Phoenix species_980,Fagaceae,Europe,Arbre forestier durable,Sol profond,
Rose 981,Rosa species_981,Rosaceae,Europe,Plante fleurie ou fruitière de la famille des rosacées,Arrosage modéré,
Lavande 982,Lavandula species_982,Asteraceae,Europe,Plante herbacée très répandue,Arrosage régulier,
Chêne 983,Quercus species_983,Lamiaceae,Méditerranée,Plante aromatique adaptée aux sols drainés,Peu d'eau,
Érable 984,Acer species_984,Fabaceae,Monde entier,Plante souvent fixatrice d'azote,Entretien faible,
Pin 985,Pinus species_985,Poaceae,Monde entier,Graminée adaptée à différents climats,Arrosage variable,
Orchidée 986,Orchis species_986,Cactaceae,Amérique,Plante succulente résistante à la sécheresse,Très peu d'eau,
Fougère 987,Dryopteris species_987,Orchidaceae,Tropical,Plante tropicale à fleurs remarquables,Humidité élevée,
Menthe 988,Mentha species_988,Araceae,Tropical,Plante décorative à feuillage remarquable,Lumière indirecte,
Thym 989,Thymus species_989,Pinaceae,Hémisphère nord,Arbre résineux persistant,Peu d'entretien,
Sauge 990,Salvia species_990,Fagaceae,Europe,Arbre forestier durable,Sol profond,
Cactus 991,Echinocactus species_991,Rosaceae,Europe,Plante fleurie ou fruitière de la famille des rosacées,Arrosage modéré,
Aloe 992,Aloe species_992,Asteraceae,Europe,Plante herbacée très répandue,Arrosage régulier,
Ficus 993,Ficus species_993,Lamiaceae,Méditerranée,Plante aromatique adaptée aux sols drainés,Peu d'eau,
Bambou 994,Bambusa species_994,Fabaceae,Monde entier,Plante souvent fixatrice d'azote,Entretien faible,
Tulipe 995,Tulipa species_995,Poaceae,Monde entier,Graminée adaptée à différents climats,Arrosage variable,
Tournesol 996,Helianthus species_996,Cactaceae,Amérique,Plante succulente résistante à la sécheresse,Très peu d'eau,
Pissenlit 997,Taraxacum species_997,Orchidaceae,Tropical,Plante tropicale à fleurs remarquables,Humidité élevée,
Bouleau 998,Betula species_998,Araceae,Tropical,Plante décorative à feuillage remarquable,Lumière indirecte,
Hêtre 999,Fagus species_999,Pinaceae,Hémisphère nord,Arbre résineux persistant,Peu d'entretien,
Palmier 1000,Phoenix species_1000,Fagaceae,Europe,Arbre forestier durable,Sol profond,
